CBF,ATT,PLD,Selected,Norm_Signal,Abs_Slope
37.454011884736246,0.5785729642168356,1.525,True,0.6456485248512269,220.13711375468847
37.454011884736246,0.5785729642168356,2.025,False,0.4256377404109096,145.3658890135539
37.454011884736246,0.5785729642168356,2.525,True,0.280597692225581,95.99127256773681
37.454011884736246,0.5785729642168356,3.025,True,0.18498139945558215,63.017697095071526
37.454011884736246,0.5785729642168356,3.525,False,0.12194725435245801,41.613262777763794
37.454011884736246,0.5785729642168356,4.025,False,0.08039258481052818,27.47900540380897
95.07143064099162,2.091026028159451,1.525,True,0.8276592206475587,227.58162951334089
95.07143064099162,2.091026028159451,2.025,False,0.984663204371094,150.2818190585749
95.07143064099162,2.091026028159451,2.525,True,0.6971733565669679,345.51401479206834
95.07143064099162,2.091026028159451,3.025,True,0.4596050029421666,226.82788699258163
95.07143064099162,2.091026028159451,3.525,False,0.30299029178287074,149.78409084843224
95.07143064099162,2.091026028159451,4.025,False,0.19974351089955594,98.90879895215039
73.1993941811405,1.2858899526908167,1.525,True,0.8203868526757511,506.56880727402313
73.1993941811405,1.2858899526908167,2.025,False,0.5408323457661209,334.5089056540637
73.1993941811405,1.2858899526908167,2.525,True,0.3565386564556418,220.89044243371973
73.1993941811405,1.2858899526908167,3.025,True,0.23504476857263676,145.01325610264394
73.1993941811405,1.2858899526908167,3.525,False,0.15495106135914247,95.75841407461394
73.1993941811405,1.2858899526908167,4.025,False,0.10215003534062873,63.23334922977392
59.86584841970366,1.771426727911757,1.525,True,0.9346161740777611,133.11103406856273
59.86584841970366,1.771426727911757,2.025,False,0.8096007151898341,306.0365390987572
59.86584841970366,1.771426727911757,2.525,True,0.5337216856924762,202.08892911304065
59.86584841970366,1.771426727911757,3.025,True,0.3518510204275512,132.6701749070653
59.86584841970366,1.771426727911757,3.525,False,0.2319544884433281,87.6077531498895
59.86584841970366,1.771426727911757,4.025,False,0.15291382313920107,57.85112153012324
15.601864044243651,2.7689161848152324,1.525,True,0.47753658977791846,43.676568627802226
15.601864044243651,2.7689161848152324,2.025,False,0.7535878691265667,28.841493918729157
15.601864044243651,2.7689161848152324,2.525,True,0.9355720884920082,19.045263801574947
15.601864044243651,2.7689161848152324,3.025,True,0.8080976421632378,43.53191333639825
15.601864044243651,2.7689161848152324,3.525,False,0.5327307988831855,28.745971883952734
15.601864044243651,2.7689161848152324,4.025,False,0.35119778758293685,18.982186543637
15.599452033620265,1.1232305728721874,1.525,True,0.7161609732195965,103.97462727543643
15.599452033620265,1.1232305728721874,2.025,False,0.47212241131024996,68.65886388239505
15.599452033620265,1.1232305728721874,2.525,True,0.3112422759639222,45.33836487947656
15.599452033620265,1.1232305728721874,3.025,True,0.20518355415147654,29.764365742152222
15.599452033620265,1.1232305728721874,3.525,False,0.13526533554558626,19.654675275947056
15.599452033620265,1.1232305728721874,4.025,False,0.08917240504934673,12.97881713823449
5.8083612168199465,1.5259573075890742,1.525,True,0.9998497420531532,15.431842856106414
5.8083612168199465,1.5259573075890742,2.025,False,0.659818862245537,28.056268064915912
5.8083612168199465,1.5259573075890742,2.525,True,0.4349794025648876,18.526745808995656
5.8083612168199465,1.5259573075890742,3.025,True,0.28675609547108905,12.162697965326288
5.8083612168199465,1.5259573075890742,3.525,False,0.18904126909217933,8.031546213980391
5.8083612168199465,1.5259573075890742,4.025,False,0.12462368537021987,5.303571195403492
86.61761457749351,2.3888778463576217,1.525,True,0.6972257426948657,222.1082139563332
86.61761457749351,2.3888778463576217,2.025,False,0.8982812921913924,146.66749022137446
86.61761457749351,2.3888778463576217,2.525,True,0.8927835394656778,337.2042852775703
86.61761457749351,2.3888778463576217,3.025,True,0.5885591831899362,221.37259919944336
86.61761457749351,2.3888778463576217,3.525,False,0.38800212683639196,146.18173254387875
86.61761457749351,2.3888778463576217,4.025,False,0.2557867666147354,96.53000871294535
60.11150117432088,1.0719954137290562,1.525,True,0.6858753592462556,395.9472089186238
60.11150117432088,1.0719954137290562,2.025,False,0.4521569040684573,261.46076436266594
60.11150117432088,1.0719954137290562,2.525,True,0.29808020238757127,172.65365119711169
60.11150117432088,1.0719954137290562,3.025,True,0.19650658047225836,113.34609076903689
60.11150117432088,1.0719954137290562,3.525,False,0.12954512194906576,74.84723938560273
60.11150117432088,1.0719954137290562,4.025,False,0.08540140783309541,49.42481214513555
70.80725777960456,0.6924497745719824,1.525,True,0.6456485256155492,427.26102496971725
70.80725777960456,0.6924497745719824,2.025,False,0.42563774091478185,282.1386075079463
70.80725777960456,0.6924497745719824,2.525,True,0.280597692557754,186.3081095500438
70.80725777960456,0.6924497745719824,3.025,True,0.1849813996745641,122.31016112110774
70.80725777960456,0.6924497745719824,3.525,False,0.12194725449681983,80.76659588884377
70.80725777960456,0.6924497745719824,4.025,False,0.08039258490569737,53.33361473551213
2.0584494295802447,1.2243786322844201,1.525,True,0.77844316357325,14.044369837676868
2.0584494295802447,1.2243786322844201,2.025,False,0.5131813617292563,9.2740940964826
2.0584494295802447,1.2243786322844201,2.525,True,0.3383100043135168,6.124078353424693
2.0584494295802447,1.2243786322844201,3.025,True,0.2230277004467577,4.020420860555703
2.0584494295802447,1.2243786322844201,3.525,False,0.14702892179467636,2.6548547068468906
2.0584494295802447,1.2243786322844201,4.025,False,0.09692743906161413,1.7531133577624871
96.99098521619943,0.903053218135011,1.525,True,0.645648525863001,614.4238400766335
96.99098521619943,0.903053218135011,2.025,False,0.4256377410779123,405.7301661699312
96.99098521619943,0.903053218135011,2.525,True,0.2805976926652962,267.9208666769118
96.99098521619943,0.903053218135011,3.025,True,0.18498139974546027,175.88844871059155
96.99098521619943,0.903053218135011,3.525,False,0.1219472545435574,116.1466155249127
96.99098521619943,0.903053218135011,4.025,False,0.08039258493650872,76.69654486571471
83.24426408004217,2.8242441308564326,1.525,True,0.43922833210017764,236.03430023275905
83.24426408004217,2.8242441308564326,2.025,False,0.7282510700535472,155.8634766569412
83.24426408004217,2.8242441308564326,2.525,True,0.9187866019641846,102.92327569184272
83.24426408004217,2.8242441308564326,3.025,True,0.8460695912106269,235.25256275763604
83.24426408004217,2.8242441308564326,3.525,False,0.5577634505031255,155.3472621890087
83.24426408004217,2.8242441308564326,4.025,False,0.3677003286124543,102.58239734664676
21.233911067827616,2.5203009489110424,1.525,True,0.6297167515932716,56.126591819184796
21.233911067827616,2.5203009489110424,2.025,False,0.8543213740057175,37.06277318684715
21.233911067827616,2.5203009489110424,2.525,True,0.9973527728027212,43.8477423754739
21.233911067827616,2.5203009489110424,3.025,True,0.657495470474626,55.940702479657375
21.233911067827616,2.5203009489110424,3.525,False,0.43344772830962974,36.94002255821351
21.233911067827616,2.5203009489110424,4.025,False,0.28574635356979083,24.393066338369863
18.182496720710063,2.083509391276059,1.525,True,0.8304359608822618,43.44970740662302
18.182496720710063,2.083509391276059,2.025,False,0.9864407246996632,28.69168781589906
18.182496720710063,2.083509391276059,2.525,True,0.6927363386048332,65.96526652746616
18.182496720710063,2.083509391276059,3.025,True,0.4566799404245983,43.305803471771014
18.182496720710063,2.083509391276059,3.525,False,0.30106197172541327,28.596661933778705
18.182496720710063,2.083509391276059,4.025,False,0.19847228396964953,18.88359083991645
18.34045098534338,2.6786514754692945,1.525,True,0.5363558370751587,50.28396156815597
18.34045098534338,2.6786514754692945,2.025,False,0.7924604813266771,33.20463620062037
18.34045098534338,2.6786514754692945,2.525,True,0.9612950684003086,21.926432023878988
18.34045098534338,2.6786514754692945,3.025,True,0.7497069372582871,50.11742281884199
18.34045098534338,2.6786514754692945,3.525,False,0.49423727378379767,33.09466358883992
18.34045098534338,2.6786514754692945,4.025,False,0.32582129183777986,21.853812435994996
30.42422429595377,2.5091801922477863,1.525,True,0.6351700877361939,80.21265713241337
30.42422429595377,2.5091801922477863,2.025,False,0.8574834643701481,52.96782543986046
30.42422429595377,2.5091801922477863,2.525,True,0.9871785372691578,121.77870974131656
30.42422429595377,2.5091801922477863,3.025,True,0.6507882010296717,79.94699557390959
30.42422429595377,2.5091801922477863,3.525,False,0.4290260237738139,52.7923978258159
30.42422429595377,2.5091801922477863,4.025,False,0.2828313862850395,34.86106323560989
52.475643163223786,0.9664251472150895,1.525,True,0.6456485253989694,337.3261097698196
52.475643163223786,0.9664251472150895,2.025,False,0.4256377407720037,222.75076200379408
52.475643163223786,0.9664251472150895,2.525,True,0.28059769246362876,147.091791996565
52.475643163223786,0.9664251472150895,3.025,True,0.18498139961251295,96.56488288213768
52.475643163223786,0.9664251472150895,3.525,False,0.12194725445591319,63.76589484721535
52.475643163223786,0.9664251472150895,4.025,False,0.08039258487873005,42.10732954162495
43.194501864211574,2.7313974962249445,1.525,True,0.5027539892222385,119.8775296594813
43.194501864211574,2.7313974962249445,2.025,False,0.7704574280119729,79.16022598133532
43.194501864211574,2.7313974962249445,2.525,True,0.9469384117065435,52.27286043694403
43.194501864211574,2.7313974962249445,3.025,True,0.783660623473341,119.48049940892452
43.194501864211574,2.7313974962249445,3.525,False,0.5166209232818378,78.89805003856418
43.194501864211574,2.7313974962249445,4.025,False,0.3405775030390538,52.09973452305894
29.122914019804192,1.8483556047891267,1.525,True,0.9114345114472285,65.9150908459651
29.122914019804192,1.8483556047891267,2.025,False,0.8633640431037262,151.54586107782234
29.122914019804192,1.8483556047891267,2.525,True,0.5691646558681035,100.07217068563295
29.122914019804192,1.8483556047891267,3.025,True,0.37521646642230727,65.69678233470222
29.122914019804192,1.8483556047891267,3.525,False,0.24735793978582546,43.38237658578828
29.122914019804192,1.8483556047891267,4.025,False,0.16306840410949092,28.647226414266243
61.18528947223795,2.518600387910156,1.525,True,0.630392310925712,161.66468072262796
61.18528947223795,2.518600387910156,2.025,False,0.8545871596895851,106.75405720784329
61.18528947223795,2.518600387910156,2.525,True,0.9955331803106522,164.6790764065845
61.18528947223795,2.518600387910156,3.025,True,0.6562959211734464,161.12925286658538
61.18528947223795,2.518600387910156,3.525,False,0.4326569366723636,106.40049144617296
61.18528947223795,2.518600387910156,4.025,False,0.2852250315924822,70.26076506021582
13.949386065204184,2.740228249808733,1.525,True,0.4965986297213858,38.79270245376347
13.949386065204184,2.740228249808733,2.025,False,0.7660879148133679,25.616469586831954
13.949386065204184,2.740228249808733,2.525,True,0.9437462009496732,16.915643216019816
13.949386065204184,2.740228249808733,3.025,True,0.788888413721288,38.66422235896425
13.949386065204184,2.740228249808733,3.525,False,0.5200672950194504,25.53162872159737
13.949386065204184,2.740228249808733,4.025,False,0.3428494913152624,16.859619188134275
29.214464853521815,1.2950086874296596,1.525,True,0.8256709094817668,202.60184704729545
29.214464853521815,1.2950086874296596,2.025,False,0.5443158107049335,133.78660739886436
29.214464853521815,1.2950086874296596,2.525,True,0.3588350980771858,88.34498095725485
29.214464853521815,1.2950086874296596,3.025,True,0.23655867619444204,57.99795232327688
29.214464853521815,1.2950086874296596,3.525,False,0.15594909077380664,38.29851203479484
29.214464853521815,1.2950086874296596,4.025,False,0.10280797688091045,25.290134656886494
36.63618432936917,0.7751298113191919,1.525,True,0.6456485248875572,225.32927890091742
36.63618432936917,0.7751298113191919,2.025,False,0.42563774043486,148.79449625525376
36.63618432936917,0.7751298113191919,2.525,True,0.28059769224137004,98.25532759811176
36.63618432936917,0.7751298113191919,3.025,True,0.18498139946599096,64.50403569955324
36.63618432936917,0.7751298113191919,3.525,False,0.12194725435931994,42.5947553072624
36.63618432936917,0.7751298113191919,4.025,False,0.0803925848150518,28.127126620978288
45.606998421703594,1.0698379063548542,1.525,True,0.6845115449814405,300.25816673102236
45.606998421703594,1.0698379063548542,2.025,False,0.45125782229304423,198.27322433724112
45.606998421703594,1.0698379063548542,2.525,True,0.2974874911513463,130.9282339164547
45.606998421703594,1.0698379063548542,3.025,True,0.1961158411433625,85.95360354575496
45.606998421703594,1.0698379063548542,3.525,False,0.12928753070764037,56.75881626790124
45.606998421703594,1.0698379063548542,4.025,False,0.08523159322076398,37.4802578511767
78.51759613930136,1.5677694715656407,1.525,True,0.9898811515048477,166.56254615730722
78.51759613930136,1.5677694715656407,2.025,False,0.6833693604024738,382.9451519639224
78.51759613930136,1.5677694715656407,2.525,True,0.450504847811401,252.87495374678474
78.51759613930136,1.5677694715656407,3.025,True,0.29699109977954297,166.0108967395954
78.51759613930136,1.5677694715656407,3.525,False,0.1957885997825888,109.62404829828483
78.51759613930136,1.5677694715656407,4.025,False,0.1290717999067362,72.38941660651653
19.967378215835975,2.5450369148062326,1.525,True,0.615497695715819,53.081167197176
19.967378215835975,2.5450369148062326,2.025,False,0.8445973711164608,35.05174992024968
19.967378215835975,2.5450369148062326,2.525,True,0.9956291855062969,23.146159689892556
19.967378215835975,2.5450369148062326,3.025,True,0.6706540464092517,52.905364199134965
19.967378215835975,2.5450369148062326,3.525,False,0.4421223962013127,34.93565973143177
19.967378215835975,2.5450369148062326,4.025,False,0.2914650470974836,23.069500405978033
51.42344384136116,2.6518264581408584,1.525,True,0.5531336620636818,140.1168554437827
51.42344384136116,2.6518264581408584,2.025,False,0.8036508510474839,92.52511268984563
51.42344384136116,2.6518264581408584,2.525,True,0.9688019605892094,61.09826295455241
51.42344384136116,2.6518264581408584,3.025,True,0.7333505217466915,139.65279324311814
51.42344384136116,2.6518264581408584,3.525,False,0.48345446011411297,92.21867270248276
51.42344384136116,2.6518264581408584,4.025,False,0.31871282295884307,60.895907611403345
59.24145688620425,0.5173803263279768,1.525,True,0.645648525416897,343.30783331938073
59.24145688620425,0.5173803263279768,2.025,False,0.42563774078382244,226.70074820459922
59.24145688620425,0.5173803263279768,2.525,True,0.2805976924714201,149.7001357050667
59.24145688620425,0.5173803263279768,3.025,True,0.1849813996176494,98.27724494741415
59.24145688620425,0.5173803263279768,3.525,False,0.12194725445929926,64.89664027077288
59.24145688620425,0.5173803263279768,4.025,False,0.08039258488096228,42.854008785931455
4.645041271999773,1.7768682564439144,1.525,True,0.9341158179656417,10.341182855534498
4.645041271999773,1.7768682564439144,2.025,False,0.8142415057168495,23.77548813620706
4.645041271999773,1.7768682564439144,2.525,True,0.5367810833641341,15.699964947765693
4.645041271999773,1.7768682564439144,3.025,True,0.35386789967664867,10.30693321398985
4.645041271999773,1.7768682564439144,3.525,False,0.23328409719054133,6.806105904180299
4.645041271999773,1.7768682564439144,4.025,False,0.15379035524763396,4.494360894474539
60.75448519014384,1.5435275078719475,1.525,True,0.9963543640361071,128.16147638706752
60.75448519014384,1.5435275078719475,2.025,False,0.670051678828458,294.6569753119402
60.75448519014384,1.5435275078719475,2.525,True,0.4417252910177379,194.57451966957524
60.75448519014384,1.5435275078719475,3.025,True,0.291203259226008,127.73700999019093
60.75448519014384,1.5435275078719475,3.525,False,0.19197302012857673,84.3501747635828
60.75448519014384,1.5435275078719475,4.025,False,0.12655641477104526,55.70000411934507
17.052412368729154,1.0552695261768257,1.525,True,0.6765561608809286,111.88918690746505
17.052412368729154,1.0552695261768257,2.025,False,0.44601330986513615,73.88518386741453
17.052412368729154,1.0552695261768257,2.525,True,0.2940300954732782,48.78952601234414
17.052412368729154,1.0552695261768257,3.025,True,0.19383658543770052,32.03003241246097
17.052412368729154,1.0552695261768257,3.525,False,0.12778495273985188,21.15079123804253
17.052412368729154,1.0552695261768257,4.025,False,0.08424103277435378,13.966766072367818
6.505159298527952,0.7996634183342071,1.525,True,0.6456485178019408,40.23701691611268
6.505159298527952,0.7996634183342071,2.025,False,0.42563773576373387,26.570211789830864
6.505159298527952,0.7996634183342071,2.525,True,0.28059768916197386,17.54543971359294
6.505159298527952,0.7996634183342071,3.025,True,0.18498139743592787,11.518476374931083
6.505159298527952,0.7996634183342071,3.525,False,0.12194725302101979,7.606139327280289
6.505159298527952,0.7996634183342071,4.025,False,0.08039258393279003,5.02265695417077
94.88855372533332,1.3440379285090698,1.525,True,0.8600903755569392,665.5433987516008
94.88855372533332,1.3440379285090698,2.025,False,0.567006521211493,439.4865826415844
94.88855372533332,1.3440379285090698,2.525,True,0.373793736371226,290.2116626568204
94.88855372533332,1.3440379285090698,3.025,True,0.24642001833034546,190.52222313085622
94.88855372533332,1.3440379285090698,3.525,False,0.1624500881781019,125.80991850887403
94.88855372533332,1.3440379285090698,4.025,False,0.10709369850664947,83.07763438356778
96.56320330745594,2.857274259781298,1.525,True,0.41599864327064384,275.8957557476988
96.56320330745594,2.857274259781298,2.025,False,0.7134022673396739,182.18568929737012
96.56320330745594,2.857274259781298,2.525,True,0.9094628198948372,120.30495103053545
96.56320330745594,2.857274259781298,3.025,True,0.8706033456829262,274.9819985044305
96.56320330745594,2.857274259781298,3.525,False,0.5739370982626271,181.58229656751791
96.56320330745594,2.857274259781298,4.025,False,0.378362654354068,119.90650517510585
80.83973481164611,1.308007330051888,1.525,True,0.8350038256606356,562.3076144826555
80.83973481164611,1.308007330051888,2.025,False,0.5504684482482989,371.3156081870475
80.83973481164611,1.308007330051888,2.525,True,0.36289116672866883,245.19547189516015
80.83973481164611,1.308007330051888,3.025,True,0.239232601448382,160.9693627727338
80.83973481164611,1.308007330051888,3.525,False,0.15771185094332296,106.29490922407422
80.83973481164611,1.308007330051888,4.025,False,0.1039700600059546,70.19104463317035
30.46137691733707,1.7969765543584153,1.525,True,0.9279127870482932,68.13132101055635
30.46137691733707,1.7969765543584153,2.025,False,0.8278146555196354,156.64121184392025
30.46137691733707,1.7969765543584153,2.525,True,0.5457290551939277,103.43684727885739
30.46137691733707,1.7969765543584153,3.025,True,0.35976676626473764,67.90567242129691
30.46137691733707,1.7969765543584153,3.525,False,0.23717286971754137,44.84100055743056
30.46137691733707,1.7969765543584153,4.025,False,0.1563539920990396,29.61041779421248
9.767211400638388,2.2575473972379445,1.525,True,0.7587428123413476,24.29729931693373
9.767211400638388,2.2575473972379445,2.025,False,0.9390393824740801,16.04453904020238
9.767211400638388,2.2575473972379445,2.525,True,0.8006036661992445,36.88811550189894
9.767211400638388,2.2575473972379445,3.025,True,0.5277904654459757,24.216827498211387
9.767211400638388,2.2575473972379445,3.525,False,0.34794091905439056,15.991400079353753
9.767211400638388,2.2575473972379445,4.025,False,0.2293767907499379,10.559800887082929
68.42330265121569,1.409074005948235,1.525,True,0.9084064901122124,487.17947334476776
68.42330265121569,1.409074005948235,2.025,False,0.598858467019748,321.7053046804067
68.42330265121569,1.409074005948235,2.525,True,0.3947918331989703,212.4356807337681
68.42330265121569,1.409074005948235,3.025,True,0.2602628169160777,139.4627555460229
68.42330265121569,1.409074005948235,3.525,False,0.17157582344149777,92.09318273709414
68.42330265121569,1.409074005948235,4.025,False,0.113109753972733,60.81304125566021
44.01524937396013,2.929455206802402,1.525,True,0.3615067232932906,127.87200322814897
44.01524937396013,2.929455206802402,2.025,False,0.6770138951814724,84.43931653395794
44.01524937396013,2.929455206802402,2.525,True,0.8850090420097971,55.75886821763379
44.01524937396013,2.929455206802402,3.025,True,0.9235986961915867,127.44849555640212
44.01524937396013,2.929455206802402,3.525,False,0.6088737865296499,84.15965642505307
44.01524937396013,2.929455206802402,4.025,False,0.40139433874433667,55.57419676600239
12.203823484477883,2.906118237355278,1.525,True,0.3797691399292871,35.26369209522045
12.203823484477883,2.906118237355278,2.025,False,0.6895505839383723,23.28611411265547
12.203823484477883,2.906118237355278,2.525,True,0.8937710983113253,15.376810488347019
12.203823484477883,2.906118237355278,3.025,True,0.906837508887244,35.14689996121706
12.203823484477883,2.906118237355278,3.525,False,0.5978241308482273,23.208991304511528
12.203823484477883,2.906118237355278,4.025,False,0.3941099567694176,15.325883021469053
49.51769101112702,1.1294557395634104,1.525,True,0.7197493778765202,330.5237943354987
49.51769101112702,1.1294557395634104,2.025,False,0.4744880334576945,218.25890411761065
49.51769101112702,1.1294557395634104,2.525,True,0.3128017901992197,144.12562739210443
49.51769101112702,1.1294557395634104,3.025,True,0.2062116492987606,94.6176135358919
49.51769101112702,1.1294557395634104,3.525,False,0.13594309763838783,62.48003016571329
49.51769101112702,1.1294557395634104,4.025,False,0.0896192133585312,41.25821846085137
3.4388521115218396,1.7431212647309637,1.525,True,0.9430347668328609,7.596432645300638
3.4388521115218396,1.7431212647309637,2.025,False,0.7908917077044391,17.465013118800925
3.4388521115218396,1.7431212647309637,2.525,True,0.5213879478073795,11.532890185328029
3.4388521115218396,1.7431212647309637,3.025,True,0.3437201192914528,7.57127352194334
3.4388521115218396,1.7431212647309637,3.525,False,0.22659426805426913,4.999633581589251
3.4388521115218396,1.7431212647309637,4.025,False,0.14938014807190458,3.3014704696257695
90.9320402078782,1.252195774541924,1.525,True,0.7968577010325189,624.4084058047374
90.9320402078782,1.252195774541924,2.025,False,0.5253209730087546,412.32339912699535
90.9320402078782,1.252195774541924,2.525,True,0.3463129293038016,272.2746585202258
90.9320402078782,1.252195774541924,3.025,True,0.2283035537607999,178.74668705099793
90.9320402078782,1.252195774541924,3.525,False,0.15050697865827053,118.03403173692095
90.9320402078782,1.252195774541924,4.025,False,0.09922031546024303,77.94288597974901
25.87799816000169,1.2121012359436691,1.525,True,0.7707845298535295,176.0603036886787
25.87799816000169,1.2121012359436691,2.025,False,0.5081324792093935,116.26009866842105
25.87799816000169,1.2121012359436691,2.525,True,0.3349815758193144,76.77148260684135
25.87799816000169,1.2121012359436691,3.025,True,0.2208334651486626,50.40001978350392
25.87799816000169,1.2121012359436691,3.525,False,0.14558239273395202,33.28127437109015
25.87799816000169,1.2121012359436691,4.025,False,0.09597382833201898,21.97703946390743
66.2522284353982,0.592217368386332,1.525,True,0.6456485255393685,390.6283838804957
66.2522284353982,0.592217368386332,2.025,False,0.4256377408645605,257.9485182130338
66.2522284353982,0.592217368386332,2.525,True,0.280597692524646,170.33436584233277
66.2522284353982,0.592217368386332,3.025,True,0.18498139965273797,111.82349378646177
66.2522284353982,0.592217368386332,3.525,False,0.12194725448243114,73.84180390856727
66.2522284353982,0.592217368386332,4.025,False,0.08039258489621179,48.760880382464165
31.171107608941096,2.023910834949742,1.525,True,0.8520312038062463,73.46973948401319
31.171107608941096,2.023910834949742,2.025,False,0.9992070564395401,62.00970013791448
31.171107608941096,2.023910834949742,2.525,True,0.658717889587933,111.54162446737428
31.171107608941096,2.023910834949742,3.025,True,0.4342535966562551,73.22641023658798
31.171107608941096,2.023910834949742,3.525,False,0.286277614726479,48.354509795085505
31.171107608941096,2.023910834949742,4.025,False,0.18872583514456373,31.930537219680446
52.00680211778108,1.7566975580721538,1.525,True,0.9394679083890858,115.2438858105852
52.00680211778108,1.7566975580721538,2.025,False,0.800191548671275,264.95804959039015
52.00680211778108,1.7566975580721538,2.525,True,0.5275187808271203,174.9630572195274
52.00680211778108,1.7566975580721538,3.025,True,0.3477618135150406,114.86220202891855
52.00680211778108,1.7566975580721538,3.525,False,0.22925871710130455,75.84839206438573
52.00680211778108,1.7566975580721538,4.025,False,0.1511366611408092,50.085915794166795
54.67102793432797,0.6286968781249733,1.525,True,0.6456485253601809,325.0716048113609
54.67102793432797,0.6286968781249733,2.025,False,0.42563774074643285,214.65859173170975
54.67102793432797,0.6286968781249733,2.525,True,0.2805976924467715,141.74818815990875
54.67102793432797,0.6286968781249733,3.025,True,0.1849813996013999,93.05683888014937
54.67102793432797,0.6286968781249733,3.525,False,0.12194725444858696,61.44938434905998
54.67102793432797,0.6286968781249733,4.025,False,0.0803925848739003,40.57763923983657
18.485445552552704,1.1966161605915286,1.525,True,0.7606364713175756,125.31634244144152
18.485445552552704,1.1966161605915286,2.025,False,0.5014424667048403,82.75170513604098
18.485445552552704,1.1966161605915286,2.525,True,0.33057124775976393,54.6444667112919
18.485445552552704,1.1966161605915286,3.025,True,0.2179259976992938,35.87376601038159
18.485445552552704,1.1966161605915286,3.525,False,0.1436656720603429,23.68897183859167
18.485445552552704,1.1966161605915286,4.025,False,0.09471024818723069,15.64283456069711
96.95846277645586,2.7706647149166344,1.525,True,0.4765552055993722,271.539554950039
96.95846277645586,2.7706647149166344,2.025,False,0.7531250206709312,179.30910483202388
96.95846277645586,2.7706647149166344,2.525,True,0.935451079853126,118.4054200927676
96.95846277645586,2.7706647149166344,3.025,True,0.8096155757009863,270.6402252938242
96.95846277645586,2.7706647149166344,3.525,False,0.5337314823452133,178.71523925087786
96.95846277645586,2.7706647149166344,4.025,False,0.35185747877907525,118.01326541840172
77.51328233611146,1.098904726667431,1.525,True,0.7012366966341921,513.7532057299468
77.51328233611146,1.098904726667431,2.025,False,0.4622837218088021,339.25306919268405
77.51328233611146,1.098904726667431,2.525,True,0.3047562120966413,224.02321518000463
77.51328233611146,1.098904726667431,3.025,True,0.20090767732008996,147.06990269886956
77.51328233611146,1.098904726667431,3.525,False,0.13244650380860346,97.11650520130752
77.51328233611146,1.098904726667431,4.025,False,0.08731411663862919,64.1301545009328
93.9498941564189,0.8622371802280577,1.525,True,0.6456485258391933,589.5757167208212
93.9498941564189,0.8622371802280577,2.025,False,0.42563774106221725,389.3218946144261
93.9498941564189,0.8622371802280577,2.525,True,0.2805976926549494,257.08578784281417
93.9498941564189,0.8622371802280577,3.025,True,0.18498139973863922,168.77528417277608
93.9498941564189,0.8622371802280577,3.525,False,0.12194725453906073,111.44949076888406
93.9498941564189,0.8622371802280577,4.025,False,0.08039258493354427,73.59483382606777
89.48273504276489,1.7236319006939076,1.525,True,0.9485664659777565,196.77996337197692
89.48273504276489,1.7236319006939076,2.025,False,0.7781345742031105,452.41823396340624
89.48273504276489,1.7236319006939076,2.525,True,0.5129779270784125,298.7509814420555
89.48273504276489,1.7236319006939076,3.025,True,0.3381758919260899,196.12823490891242
89.48273504276489,1.7236319006939076,3.525,False,0.2229392881119527,129.51180626437053
89.48273504276489,1.7236319006939076,4.025,False,0.14697063679136194,85.52214814785839
59.78999788110851,2.964126135276502,1.525,True,0.33433321117073783,175.09669507868057
59.78999788110851,2.964126135276502,2.025,False,0.6590580793407823,115.62378696312408
59.78999788110851,2.964126135276502,2.525,True,0.8731299060749587,76.35129895333557
59.78999788110851,2.964126135276502,3.025,True,0.9505820836590378,174.516780853588
59.78999788110851,2.964126135276502,3.525,False,0.626662331888635,115.24084496191062
59.78999788110851,2.964126135276502,4.025,False,0.4131212705971432,76.09842608016243
92.18742350231169,1.105138178778751,1.525,True,0.7048116674280324,611.8926554393547
92.18742350231169,1.105138178778751,2.025,False,0.4646404878078816,404.05871741339797
92.18742350231169,1.105138178778751,2.525,True,0.30630988799910946,266.81713804937317
92.18742350231169,1.105138178778751,3.025,True,0.20193192360116022,175.16385745906337
92.18742350231169,1.105138178778751,3.525,False,0.1331217285724167,115.66813713636293
92.18742350231169,1.105138178778751,4.025,False,0.08775925223745237,76.38058525699944
8.84925020519195,2.1803388685146965,1.525,True,0.7917031452049933,21.624731973941834
8.84925020519195,2.1803388685146965,2.025,False,0.9607624653130645,14.279729276250237
8.84925020519195,2.1803388685146965,2.525,True,0.7507048602423794,32.830628636838355
8.84925020519195,2.1803388685146965,3.025,True,0.49489514516072236,21.55311160623637
8.84925020519195,2.1803388685146965,3.525,False,0.32625498737889463,14.232435304573073
8.84925020519195,2.1803388685146965,4.025,False,0.21508054348570024,9.398281714471182
19.59828624191452,2.404049038321794,1.525,True,0.689907809606137,50.43104866637259
19.59828624191452,2.404049038321794,2.025,False,0.893577128287667,33.30176406075134
19.59828624191452,2.404049038321794,2.525,True,0.9043899343658794,76.56432609324929
19.59828624191452,2.404049038321794,3.025,True,0.5962105902783004,50.26402276965291
19.59828624191452,2.404049038321794,3.525,False,0.3930462452672452,33.19146976484262
19.59828624191452,2.404049038321794,4.025,False,0.2591120544278968,21.91773766694132
4.522728891053807,1.0940938599809993,1.525,True,0.6988001256108675,29.943081748759596
4.522728891053807,1.0940938599809993,2.025,False,0.4606774351918575,19.77268904808352
4.522728891053807,1.0940938599809993,2.525,True,0.30369728269500423,13.056746645939029
4.522728891053807,1.0940938599809993,3.025,True,0.20020958803401684,8.57167618650169
4.522728891053807,1.0940938599809993,3.525,False,0.13198629498771647,5.660241964359159
4.522728891053807,1.0940938599809993,4.025,False,0.08701072828552385,3.7376982515442023
32.53303307632643,2.3205408715296487,1.525,True,0.7302026282659092,82.11632714335428
32.53303307632643,2.3205408715296487,2.025,False,0.9202105631686781,54.22489962789223
32.53303307632643,2.3205408715296487,2.525,True,0.8437268062177444,124.66885807941435
32.53303307632643,2.3205408715296487,3.025,True,0.5562189914479934,81.84436069532421
32.53303307632643,2.3205408715296487,3.525,False,0.3666821584516305,54.045308627421036
32.53303307632643,2.3205408715296487,4.025,False,0.2417317772209117,35.68841346939735
38.8677289689482,1.419457831798133,1.525,True,0.9168617330418389,277.4057742421646
38.8677289689482,1.419457831798133,2.025,False,0.604432506697173,183.18281866429425
38.8677289689482,1.419457831798133,2.525,True,0.39846646662867824,120.96339791579703
38.8677289689482,1.419457831798133,3.025,True,0.2626852845740339,79.41174823022811
38.8677289689482,1.419457831798133,3.525,False,0.17317281254696903,52.43895126412917
38.8677289689482,1.419457831798133,4.025,False,0.11416255407704708,34.62766745430963
27.134903177389592,2.080764576483949,1.525,True,0.8309347139820593,64.80169118331469
27.134903177389592,2.080764576483949,2.025,False,0.9864806103986061,42.79130986945529
27.134903177389592,2.080764576483949,2.525,True,0.6906987461916612,98.38180934876618
27.134903177389592,2.080764576483949,3.025,True,0.4553366767180472,64.58707021339524
27.134903177389592,2.080764576483949,3.525,False,0.300176437712981,42.649586524576534
27.134903177389592,2.080764576483949,4.025,False,0.19788850396922983,28.16333400334588
82.87375091519293,2.083824276902237,1.525,True,0.8303786347588411,198.05322268296732
82.87375091519293,2.083824276902237,2.025,False,0.9864361468895989,130.7829574770949
82.87375091519293,2.083824276902237,2.525,True,0.692970566538442,300.6840414054168
82.87375091519293,2.083824276902237,3.025,True,0.45683435299516106,197.39727722890166
82.87375091519293,2.083824276902237,3.525,False,0.3011637667657419,130.3498088251108
82.87375091519293,2.083824276902237,4.025,False,0.1985393913961871,86.07551684230748
35.67533266935893,1.8394367101868963,1.525,True,0.9150056393280894,80.57931895809088
35.67533266935893,1.8394367101868963,2.025,False,0.8577075427394023,185.26049376317678
35.67533266935893,1.8394367101868963,2.525,True,0.5654356610031976,122.33537505621825
35.67533266935893,1.8394367101868963,3.025,True,0.3727581614975525,80.31244302824325
35.67533266935893,1.8394367101868963,3.525,False,0.24573732529800535,53.03371830640663
35.67533266935893,1.8394367101868963,4.025,False,0.16200002919322834,35.020417401747636
28.093450968738075,0.7257244251360208,1.525,True,0.6456485243961194,170.82745508867993
28.093450968738075,0.7257244251360208,2.025,False,0.42563774011088423,112.80462641370286
28.093450968738075,0.7257244251360208,2.525,True,0.2805976920277921,74.4896874669821
28.093450968738075,0.7257244251360208,3.025,True,0.18498139932519164,48.902034903101594
28.093450968738075,0.7257244251360208,3.525,False,0.12194725426649929,32.29209131079733
28.093450968738075,0.7257244251360208,4.025,False,0.08039258475386071,21.323839862513523
54.26960831582485,2.588256238973095,1.525,True,0.5910029671738721,145.71710173886095
54.26960831582485,2.588256238973095,2.025,False,0.8285690229677564,96.22319325196804
54.26960831582485,2.588256238973095,2.525,True,0.9851822193035505,63.54026266731307
54.26960831582485,2.588256238973095,3.025,True,0.6954380722235118,145.23449171529865
54.26960831582485,2.588256238973095,3.525,False,0.4584610329980098,95.90450534912179
54.26960831582485,2.588256238973095,4.025,False,0.30223614031595414,63.32981950520025
14.092422497476264,1.3019501624293395,1.525,True,0.8304464649628878,97.88750808114128
14.092422497476264,1.3019501624293395,2.025,False,0.5474640509098648,64.6392804595107
14.092422497476264,1.3019501624293395,2.525,True,0.36091054593390703,42.68406316830169
14.092422497476264,1.3019501624293395,3.025,True,0.23792689574745518,28.02183252262921
14.092422497476264,1.3019501624293395,3.525,False,0.15685107669418755,18.50400655738622
14.092422497476264,1.3019501624293395,4.025,False,0.10340260264749429,12.218981695765024
80.21969807540397,0.9662962759996356,1.525,True,0.6456485257548032,515.65625047715
80.21969807540397,0.9662962759996356,2.025,False,0.4256377410065839,340.50973049250024
80.21969807540397,0.9662962759996356,2.525,True,0.2805976926182736,224.8530420271054
80.21969807540397,0.9662962759996356,3.025,True,0.18498139971446112,147.61467906751568
80.21969807540397,0.9662962759996356,3.525,False,0.12194725452312155,97.47624418304076
80.21969807540397,0.9662962759996356,4.025,False,0.08039258492303648,64.36770543453349
7.455064367977082,0.6019378538869098,1.525,True,0.6456485185493979,44.05442735989527
7.455064367977082,0.6019378538869098,2.025,False,0.425637736256488,29.091010093329714
7.455064367977082,0.6019378538869098,2.525,True,0.2805976894868174,19.21002993267075
7.455064367977082,0.6019378538869098,3.025,True,0.18498139765007784,12.611269911335285
7.455064367977082,0.6019378538869098,3.525,False,0.1219472531621962,8.32775732807147
7.455064367977082,0.6019378538869098,4.025,False,0.0803925840258593,5.499171978939216
98.68869366005173,1.9772323579706046,1.525,True,0.8690158241901449,230.11362462984835
98.68869366005173,1.9772323579706046,2.025,False,0.961501263425234,529.0558951327694
98.68869366005173,1.9772323579706046,2.525,True,0.6338606988389741,349.35808515932877
98.68869366005173,1.9772323579706046,3.025,True,0.41786672656189894,229.35149622846075
98.68869366005173,1.9772323579706046,3.525,False,0.27547472415846275,151.45053724558238
98.68869366005173,1.9772323579706046,4.025,False,0.1816041307585183,100.00922430925311
77.22447692966574,2.193910904605706,1.525,True,0.7859741626942768,189.30424748083533
77.22447692966574,2.193910904605706,2.025,False,0.9569377089573914,125.00563743995008
77.22447692966574,2.193910904605706,2.525,True,0.75916054212184,287.40136321268074
77.22447692966574,2.193910904605706,3.025,True,0.5004694742117124,188.67727833138815
77.22447692966574,2.193910904605706,3.525,False,0.32992981157541396,124.59162307299448
77.22447692966574,2.193910904605706,4.025,False,0.2175031369048895,82.27314214644412
19.87156815341724,0.5414695723196403,1.525,True,0.6456485234306159,115.79931939005837
19.87156815341724,0.5414695723196403,2.025,False,0.42563773947438516,76.46721047255687
19.87156815341724,0.5414695723196403,2.525,True,0.28059769160818593,50.49454788035564
19.87156815341724,0.5414695723196403,3.025,True,0.18498139904857025,33.14936908489699
19.87156815341724,0.5414695723196403,3.525,False,0.12194725408413916,21.889936799273528
19.87156815341724,0.5414695723196403,4.025,False,0.08039258463364152,14.454855289975058
0.5522117123602399,1.7802326457482025,1.525,True,0.9323018150031913,1.2303358107619715
0.5522117123602399,1.7802326457482025,2.025,False,0.8158117567227545,2.8286739419432365
0.5522117123602399,1.7802326457482025,2.525,True,0.5378162566268399,1.867893583624749
0.5522117123602399,1.7802326457482025,3.025,True,0.35455032795072144,1.2262609809202445
0.5522117123602399,1.7802326457482025,3.525,False,0.23373398163600762,0.8097522249371991
0.5522117123602399,1.7802326457482025,4.025,False,0.1540869373529805,0.5347137974647325
81.54614284548342,1.0662394379948448,1.525,True,0.6827994520378283,536.4211283299883
81.54614284548342,1.0662394379948448,2.025,False,0.45012914106193563,354.22166156061576
81.54614284548342,1.0662394379948448,2.525,True,0.29674341862525483,233.90761267997004
81.54614284548342,1.0662394379948448,3.025,True,0.19562531830234708,153.55895061913725
81.54614284548342,1.0662394379948448,3.525,False,0.12896415812080175,101.40149923839999
81.54614284548342,1.0662394379948448,4.025,False,0.08501841287282697,66.95971811697109
70.68573438476172,2.1129319760236247,1.525,True,0.8193412299647314,170.0653632328722
70.68573438476172,2.1129319760236247,2.025,False,0.9792708512204504,112.30138478289155
70.68573438476172,2.1129319760236247,2.525,True,0.7101645972351183,258.19292424136074
70.68573438476172,2.1129319760236247,3.025,True,0.4681693566273236,169.5021126056199
70.68573438476172,2.1129319760236247,3.525,False,0.3086362617035331,111.92944646330216
70.68573438476172,2.1129319760236247,4.025,False,0.20346556366814617,73.9117689626155
72.90071680409874,0.9359160725124787,1.525,True,0.6456485256820129,465.333442123243
72.90071680409874,0.9359160725124787,2.025,False,0.4256377409585976,307.2794421088038
72.90071680409874,0.9359160725124787,2.525,True,0.2805976925866391,202.90967077687674
72.90071680409874,0.9359160725124787,3.025,True,0.18498139969360636,133.20898690716058
72.90071680409874,0.9359160725124787,3.525,False,0.12194725450937327,87.96355360566031
72.90071680409874,0.9359160725124787,4.025,False,0.08039258491397305,58.086071687702315
77.12703466859458,2.227344345256165,1.525,True,0.7715882660804178,190.53072493336003
77.12703466859458,2.227344345256165,2.025,False,0.9473339752446014,125.81553261027511
77.12703466859458,2.227344345256165,2.525,True,0.7803956501892825,289.26339904386987
77.12703466859458,2.227344345256165,3.025,True,0.5144685202364675,189.89969373282293
77.12703466859458,2.227344345256165,3.525,False,0.33915855149897856,125.39883589840974
77.12703466859458,2.227344345256165,4.025,False,0.22358709722805617,82.80617907051692
7.4044651734090365,1.4668383657513435,1.525,True,0.9535822230657687,53.42835055841351
7.4044651734090365,1.4668383657513435,2.025,False,0.6286401456818175,35.28100984419507
7.4044651734090365,1.4668383657513435,2.525,True,0.4144251258085801,23.297549758067134
7.4044651734090365,1.4668383657513435,3.025,True,0.27320588110894656,15.294702262388
7.4044651734090365,1.4668383657513435,3.525,False,0.1801084172367294,10.099741718460336
7.4044651734090365,1.4668383657513435,4.025,False,0.11873478648354588,6.669288556891502
35.84657285442726,2.8418249718418362,1.525,True,0.4270744688269607,102.0543695741444
35.84657285442726,2.8418249718418362,2.025,False,0.7206129020164396,67.39083613767889
35.84657285442726,2.8418249718418362,2.525,True,0.9141253637003225,44.501032285896144
35.84657285442726,2.8418249718418362,3.025,True,0.859288594149638,101.716369016096
35.84657285442726,2.8418249718418362,3.525,False,0.5664779543312607,67.16764000882176
35.84657285442726,2.8418249718418362,4.025,False,0.37344528360799834,44.353646399240915
11.586905952512971,0.8438023603649831,1.525,True,0.6456485216341926,72.40390116020535
11.586905952512971,0.8438023603649831,2.025,False,0.42563773829010987,47.811372106622
11.586905952512971,0.8438023603649831,2.525,True,0.2805976908274636,31.571880328102452
11.586905952512971,0.8438023603649831,3.025,True,0.18498139853388634,20.726750859921367
11.586905952512971,0.8438023603649831,3.525,False,0.1219472537448387,13.686754194807236
11.586905952512971,0.8438023603649831,4.025,False,0.08039258440996085,9.037945293746702
86.31034258755935,1.3526658776256464,1.525,True,0.8666317941226376,606.5836231167777
86.31034258755935,1.3526658776256464,2.025,False,0.5713188901091487,400.55293780990905
86.31034258755935,1.3526658776256464,2.525,True,0.37663662516097335,264.5021228297446
86.31034258755935,1.3526658776256464,3.025,True,0.24829416612768834,173.64406379471257
86.31034258755935,1.3526658776256464,3.525,False,0.1636856025531109,114.66455280945593
86.31034258755935,1.3526658776256464,4.025,False,0.10790819978185219,75.71787588740153
62.329812682755794,0.7836838031014727,1.525,True,0.6456485255243016,384.11483763579236
62.329812682755794,0.7836838031014727,2.025,False,0.4256377408546278,253.64734689147372
62.329812682755794,0.7836838031014727,2.525,True,0.2805976925180981,167.49411967805645
62.329812682755794,0.7836838031014727,3.025,True,0.1849813996484213,109.9588891441017
62.329812682755794,0.7836838031014727,3.525,False,0.12194725447958538,72.61052624314834
62.329812682755794,0.7836838031014727,4.025,False,0.08039258489433575,47.94781542761484
33.08980248526492,2.811734045696407,1.525,True,0.44818770215191345,93.55356740823026
33.08980248526492,2.811734045696407,2.025,False,0.7343170972677152,61.77739530028521
33.08980248526492,2.811734045696407,2.525,True,0.922945220022728,40.79423880689137
33.08980248526492,2.811734045696407,3.025,True,0.8375997752745248,93.24372121424949
33.08980248526492,2.811734045696407,3.525,False,0.5521798037077277,61.572790694200194
33.08980248526492,2.811734045696407,4.025,False,0.3640193617802395,40.65912969260353
6.355835028602364,2.6933483834524523,1.525,True,0.5271790527701702,17.485015751623905
6.355835028602364,2.6933483834524523,2.025,False,0.7864812245446047,11.546098773618496
6.355835028602364,2.6933483834524523,2.525,True,0.9574237516775264,7.624379570705969
6.355835028602364,2.6933483834524523,3.025,True,0.759067207053512,17.42710598150643
6.355835028602364,2.6933483834524523,3.525,False,0.500407943942448,11.507858492040668
6.355835028602364,2.6933483834524523,4.025,False,0.3298892483219277,7.599127888093676
31.09823217156622,1.144854069287889,1.525,True,0.7292848149952817,208.31585575645295
31.09823217156622,1.144854069287889,2.025,False,0.4807741810331036,137.55981011634685
31.09823217156622,1.144854069287889,2.525,True,0.31694587408836544,90.83658702085995
31.09823217156622,1.144854069287889,3.025,True,0.20894359777344454,59.633676821936206
31.09823217156622,1.144854069287889,3.525,False,0.13774410907251367,39.37865041706846
31.09823217156622,1.144854069287889,4.025,False,0.09080651327136248,26.003395921733954
32.518332202674706,2.1499601150854475,1.525,True,0.803951510327251,78.90887847476006
32.518332202674706,2.1499601150854475,2.025,False,0.9687531976338567,52.10688499954631
32.518332202674706,2.1499601150854475,2.525,True,0.7317989186170126,119.79931536151344
32.518332202674706,2.1499601150854475,3.025,True,0.48243158028908273,78.6475349862776
32.518332202674706,2.1499601150854475,3.525,False,0.3180384990183708,51.934308790590876
32.518332202674706,2.1499601150854475,4.025,False,0.2096639005208739,34.29443058866309
72.96061783380641,2.5430555005030397,1.525,True,0.6163345285827999,193.86937436925473
72.96061783380641,2.5430555005030397,2.025,False,0.8449551986331507,128.02018467951348
72.96061783380641,2.5430555005030397,2.525,True,0.9956712332339919,84.53716704197723
72.96061783380641,2.5430555005030397,3.025,True,0.6692518319545065,193.22728567674494
72.96061783380641,2.5430555005030397,3.525,False,0.4411979994604904,127.59618623589995
72.96061783380641,2.5430555005030397,4.025,False,0.29085564720750856,84.2571828555474
63.75574713552131,1.8880020289986559,1.525,True,0.8994567279267681,145.62819349204074
63.75574713552131,1.8880020289986559,2.025,False,0.8930174506265415,334.81483066648434
63.75574713552131,1.8880020289986559,2.525,True,0.5887133869310349,221.09245771702626
63.75574713552131,1.8880020289986559,3.025,True,0.388103784207853,145.14587792952443
63.75574713552131,1.8880020289986559,3.525,False,0.25585378328436215,95.84598990150334
63.75574713552131,1.8880020289986559,4.025,False,0.16866920933155058,63.291179269038366
88.72127425763266,1.8241264458900162,1.525,True,0.919459559953096,199.68612174464215
88.72127425763266,1.8241264458900162,2.025,False,0.8465729494025457,459.09980365194497
88.72127425763266,1.8241264458900162,2.525,True,0.5580952846747826,303.163105782256
88.72127425763266,1.8241264458900162,3.025,True,0.3679190871808997,199.02476818510695
88.72127425763266,1.8241264458900162,3.525,False,0.24254721089590836,131.42451024948605
88.72127425763266,1.8241264458900162,4.025,False,0.15989697616437848,86.78518785286178
47.22149251619493,1.1046307272511293,1.525,True,0.7048116667842195,313.3952291975511
47.22149251619493,1.1046307272511293,2.025,False,0.4646404873834541,206.9481848284522
47.22149251619493,1.1046307272511293,2.525,True,0.30630988771930967,136.65667889537872
47.22149251619493,1.1046307272511293,3.025,True,0.20193192341670482,89.71429345902379
47.22149251619493,1.1046307272511293,3.525,False,0.13312172845081618,59.24215959525736
47.22149251619493,1.1046307272511293,4.025,False,0.08775925215728839,39.1201149581907
11.959424593830171,0.7327569195147481,1.525,True,0.6456485216628732,72.83969961989078
11.959424593830171,0.7327569195147481,2.025,False,0.4256377383090173,48.09914834499568
11.959424593830171,0.7327569195147481,2.525,True,0.2805976908399281,31.761911204834632
11.959424593830171,0.7327569195147481,3.025,True,0.18498139854210355,20.851504995461255
11.959424593830171,0.7327569195147481,3.525,False,0.1219472537502558,13.769134650841124
11.959424593830171,0.7327569195147481,4.025,False,0.08039258441353202,9.092344608902977
71.3244787222995,2.7430393948833167,1.525,True,0.4950775716335126,198.47941635581628
71.3244787222995,2.7430393948833167,2.025,False,0.7653811424471273,131.06439126665282
71.3244787222995,2.7430393948833167,2.525,True,0.943576238815725,86.54738598839322
71.3244787222995,2.7430393948833167,3.025,True,0.7912721098709714,197.8220593629776
71.3244787222995,2.7430393948833167,3.525,False,0.521638724371374,130.63031051564576
71.3244787222995,2.7430393948833167,4.025,False,0.34388544139154,86.26074402603354
76.07850486168974,2.751045142908326,1.525,True,0.48988459605595636,212.1005157054533
76.07850486168974,2.751045142908326,2.025,False,0.7620623940467522,140.0589818767039
76.07850486168974,2.751045142908326,2.525,True,0.9414930571207734,92.48689631467641
76.07850486168974,2.751045142908326,3.025,True,0.7967586215304424,211.39804610057763
76.07850486168974,2.751045142908326,3.525,False,0.5252556557753658,139.59511135129833
76.07850486168974,2.751045142908326,4.025,False,0.34626986952969924,92.18058289862256
56.127719756949624,2.08275364318317,1.525,True,0.8305734695392738,134.10190401244836
56.127719756949624,2.08275364318317,2.025,False,0.9864517261016895,88.5531847069833
56.127719756949624,2.08275364318317,2.525,True,0.692174585421908,203.5932660544022
56.127719756949624,2.08275364318317,3.025,True,0.45630960990226954,133.65776312381604
56.127719756949624,2.08275364318317,3.525,False,0.3008178347984908,88.25989960833704
56.127719756949624,2.08275364318317,4.025,False,0.19831133898808992,58.28176154389712
77.0967179954561,1.3475744776217518,1.525,True,0.8633610646285317,541.1941831500371
77.0967179954561,1.3475744776217518,2.025,False,0.5691626923362392,357.37351244751335
77.0967179954561,1.3475744776217518,2.525,True,0.37521517198232357,235.98891373091465
77.0967179954561,1.3475744776217518,3.025,True,0.24735708643839488,154.92531232770125
77.0967179954561,1.3475744776217518,3.525,False,0.16306784154819307,102.30376592615721
77.0967179954561,1.3475744776217518,4.025,False,0.10750094662765686,67.55552314482884
49.379559636439076,1.3730239365316521,1.525,True,0.8813151145273962,348.6717327665683
49.379559636439076,1.3730239365316521,2.025,False,0.5809987315062168,230.2427589015715
49.379559636439076,1.3730239365316521,2.525,True,0.3830179699038168,152.0390758550493
49.379559636439076,1.3730239365316521,3.025,True,0.2525010078574868,99.81274518563077
49.379559636439076,1.3730239365316521,3.525,False,0.16645892354621683,65.91059631571898
49.379559636439076,1.3730239365316521,4.025,False,0.10973648566109541,43.5235670416082
52.27328293819941,2.3148891971755985,1.525,True,0.7330622656701017,131.77042221212105
52.27328293819941,2.3148891971755985,2.025,False,0.922239266469393,87.01360821829803
52.27328293819941,2.3148891971755985,2.525,True,0.8400370583255673,200.05361463803274
52.27328293819941,2.3148891971755985,3.025,True,0.5537865597222739,131.33400311093283
52.27328293819941,2.3148891971755985,3.525,False,0.36507860062784747,86.7254221439689
52.27328293819941,2.3148891971755985,4.025,False,0.24067464675059816,57.2684808799786
42.75410183585496,2.742775649881443,1.525,True,0.49522051750279344,118.96746417197392
42.75410183585496,2.742775649881443,2.025,False,0.7654475629380301,78.55927107466232
42.75410183585496,2.742775649881443,2.525,True,0.9435922106679593,51.87602437974601
42.75410183585496,2.742775649881443,3.025,True,0.7910480936013167,118.57344802697662
42.75410183585496,2.742775649881443,3.525,False,0.5214910437445917,78.29908547384821
42.75410183585496,2.742775649881443,4.025,False,0.34378808432207164,51.70421277321748
2.541912674409519,2.7177160606627933,1.525,True,0.5115121831527565,7.032307382541433
2.541912674409519,2.7177160606627933,2.025,False,0.7761043540749053,4.643731341090074
2.541912674409519,2.7177160606627933,2.525,True,0.9505342635797264,3.0664530992713708
2.541912674409519,2.7177160606627933,3.025,True,0.7745528655456598,7.009016622630156
2.541912674409519,2.7177160606627933,3.525,False,0.5106167192058804,4.628351462783371
2.541912674409519,2.7177160606627933,4.025,False,0.33661928776016725,3.056297112191885
10.789142699330444,2.4496888646440595,1.525,True,0.6673073364196179,28.057179272613666
10.789142699330444,2.4496888646440595,2.025,False,0.8790527499766683,18.527347518153874
10.789142699330444,2.4496888646440595,2.525,True,0.9402516879264403,42.5963583921598
10.789142699330444,2.4496888646440595,3.025,True,0.6198521152956574,27.96425486094131
10.789142699330444,2.4496888646440595,3.525,False,0.4086316991185874,18.465985581115092
10.789142699330444,2.4496888646440595,4.025,False,0.26938661884681553,12.193874829764354
