CBF,ATT,PLD,Selected,Signal_Amplitude,Norm_Signal,Slope_dS_dPLD,Abs_Slope,Curve_Max_PLD,Dist_to_Max,Curve_Region,Sens_CBF,Sens_ATT
20.0,0.5,1.525,True,138.64508140156994,0.6456485234212076,-115.43697156178678,115.43697156178678,1.0,0.5249999999999999,post-maximum/decay,6.9322540700785,32.01714584013985
20.0,0.5,2.025,False,91.4004708373628,0.42563773946818295,-76.22793680674386,76.22793680674386,1.0,1.025,post-maximum/decay,4.570023541868139,21.107003400873623
20.0,0.5,2.525,True,60.25490399544034,0.2805976916040972,-50.33654531297907,50.33654531297907,1.0,1.525,late decay,3.012745199772013,13.914594223634538
20.0,0.5,3.025,True,39.72248088262133,0.18498139904587485,-33.045641343147054,33.045641343147054,1.0,2.025,late decay,1.9861240441310635,9.173065864972116
20.0,0.5,3.525,False,26.186673330184355,0.12194725408236225,-21.821440964393332,21.821440964393332,1.0,2.525,late decay,1.3093336665092163,6.047257721694521
20.0,0.5,4.025,False,17.263319029043878,0.08039258463247008,-14.409624580072887,14.409624580072887,1.0,3.0250000000000004,late decay,0.8631659514521939,3.9865979914343086
20.0,1.0,1.525,True,155.61408744056138,0.6456485237490728,-129.56549777961845,129.56549777961845,1.0,0.5249999999999999,post-maximum/decay,7.780704372028069,35.93577847838645
20.0,1.0,2.025,False,102.58712907238264,0.4256377396843249,-85.55760293652656,85.55760293652656,1.0,1.025,post-maximum/decay,5.129356453619131,23.690325250835258
20.0,1.0,2.525,True,67.6296036201318,0.28059769174658683,-56.49732024104196,56.49732024104196,1.0,1.525,late decay,3.3814801810065873,15.617624948014424
20.0,1.0,3.025,True,44.584182510741904,0.18498139913980974,-37.09015328576834,37.09015328576834,1.0,2.025,late decay,2.2292091255370927,10.29577291296313
20.0,1.0,3.525,False,29.3917045753531,0.12194725414428802,-24.492204036267594,24.492204036267594,1.0,2.525,late decay,1.469585228767654,6.787391823542421
20.0,1.0,4.025,False,19.376205846921028,0.08039258467329405,-16.173242907148506,16.173242907148506,1.0,3.0250000000000004,late decay,0.9688102923460509,4.474524463169374
20.0,1.5,1.525,True,174.65995883272987,0.9798525588644319,-145.42323822046637,145.42323822046637,1.4979959919839678,0.02700400801603209,near maximum,8.732997941636498,-6.558358268869142
20.0,1.5,2.025,False,115.14294133167242,0.6459586184093056,-96.0291426856129,96.0291426856129,1.4979959919839678,0.5270040080160321,post-maximum/decay,5.75714706658362,26.58982423185364
20.0,1.5,2.525,True,75.90690520662444,0.42584216668355857,-63.41212283386085,63.41212283386085,1.4979959919839678,1.027004008016032,post-maximum/decay,3.795345260331217,17.52909248352637
20.0,1.5,3.025,True,50.04091602498044,0.2807324583303915,-41.629679886573285,41.629679886573285,1.4979959919839678,1.527004008016032,late decay,2.5020458012490217,11.55588997568195
20.0,1.5,3.525,False,32.98900501611559,0.18507024274744713,-27.48984631825897,27.48984631825897,1.4979959919839678,2.027004008016032,late decay,1.6494502508057796,7.618112190095516
20.0,1.5,4.025,False,21.747692456509636,0.12200582346017612,-18.15271346454051,18.15271346454051,1.4979959919839678,2.5270040080160325,late decay,1.087384622825482,5.022169081136028
20.0,2.0,1.525,True,113.55105035552539,0.8613489086506386,46.88007201123128,46.88007201123128,1.9959919839679359,-0.47099198396793596,near maximum,5.677552517776263,-115.34093391054881
20.0,2.0,2.025,False,129.23548069226644,0.9803241793421922,-107.78231189781036,107.78231189781036,1.9959919839679359,0.029008016032064043,near maximum,6.461774034613313,-4.852701151962862
20.0,2.0,2.525,True,85.19727973582701,0.6462695297902796,-71.17323981280515,71.17323981280515,1.9959919839679359,0.529008016032064,post-maximum/decay,4.259863986791345,19.674507764068636
20.0,2.0,3.025,True,56.16550838441009,0.4260471320982884,-46.72480682692594,46.72480682692594,1.9959919839679359,1.029008016032064,post-maximum/decay,2.8082754192205,12.970234897268185
20.0,2.0,3.525,False,37.026585142866814,0.28086757985956734,-30.85437510983229,30.85437510983229,1.9959919839679359,1.529008016032064,late decay,1.8513292571433375,8.550505827522912
20.0,2.0,4.025,False,24.409429323753894,0.18515932034949453,-20.374454771840647,20.374454771840647,1.9959919839679359,2.0290080160320647,late decay,1.2204714661876928,5.636840850268712
20.0,2.5,1.525,True,62.48463659351426,0.6404981916730844,52.617803325065324,52.617803325065324,2.501002004008016,-0.976002004008016,arrival/transition,3.1242318296757112,-90.31677677086698
20.0,2.5,2.025,False,84.01939788536197,0.8612400638755014,34.74577106890047,34.74577106890047,2.501002004008016,-0.47600200400801596,near maximum,4.2009698942681055,-85.34377963354572
20.0,2.5,2.525,True,95.62471891886982,0.98020030019892,-79.8842530271886,79.8842530271886,2.501002004008016,0.023997995991984045,near maximum,4.781235945943493,-3.590640752586296
20.0,2.5,3.025,True,63.039699962816044,0.6461878636258003,-52.443534972213456,52.443534972213456,2.501002004008016,0.523997995991984,post-maximum/decay,3.151984998140801,14.557683886254651
20.0,2.5,3.525,False,41.55833153113374,0.425993294444551,-34.6306942715014,34.6306942715014,2.501002004008016,1.023997995991984,post-maximum/decay,2.0779165765566887,9.597016699433354
20.0,2.5,4.025,False,27.39694066866356,0.2808320878907888,-22.868118755945943,22.868118755945943,2.501002004008016,1.5239979959919845,late decay,1.3698470334331798,6.3267433369787085
20.0,3.0,1.525,True,22.063582938932335,0.30547372639001413,59.05778528010819,59.05778528010819,2.998997995991984,-1.4739979959919842,arrival/transition,1.1031791469466175,-72.40940065003694
20.0,3.0,2.025,False,46.23402009259585,0.6401171760165382,38.99836476452538,38.99836476452538,2.998997995991984,-0.9739979959919842,arrival/transition,2.3117010046297928,-66.82774998096392
20.0,3.0,2.525,True,62.1681543139972,0.8607277346407783,25.75227714844732,25.75227714844732,2.998997995991984,-0.4739979959919842,near maximum,3.108407715699858,-63.148099076325366
20.0,3.0,3.025,True,70.75523547659967,0.9796172046245961,-58.8621879287648,58.8621879287648,2.998997995991984,0.026002004008015778,near maximum,3.5377617738299847,-2.656809189438434
20.0,3.0,3.525,False,46.644726025574364,0.645803463331916,-38.8692035232325,38.8692035232325,2.998997995991984,0.5260020040080158,post-maximum/decay,2.3322363012787193,10.771611807191235
20.0,3.0,4.025,False,30.75009858062667,0.4257398821525612,-25.66698649324553,25.66698649324553,2.998997995991984,1.0260020040080162,post-maximum/decay,1.537504929031332,7.101084156047257
35.0,0.5,1.525,True,242.6288924527474,0.6456485247097867,-202.01470023312868,202.01470023312868,1.0,0.5249999999999999,post-maximum/decay,6.9322540700785,56.03000522024445
35.0,0.5,2.025,False,159.9508239653849,0.4256377403176666,-133.3988894118047,133.3988894118047,1.0,1.025,post-maximum/decay,4.570023541868139,36.937255951528414
35.0,0.5,2.525,True,105.44608199202058,0.28059769216411135,-88.08895429771565,88.08895429771565,1.0,1.525,late decay,3.012745199772013,24.35053989136037
35.0,0.5,3.025,True,69.51434154458732,0.18498139941505892,-57.829872350506776,57.829872350506776,1.0,2.025,late decay,1.9861240441310741,16.05286526370122
35.0,0.5,3.525,False,45.82667832782262,0.1219472543257434,-38.18752168768742,38.18752168768742,1.0,2.525,late decay,1.3093336665092181,10.582701012965359
35.0,0.5,4.025,False,30.210808300826784,0.08039258479291682,-25.216843015127324,25.216843015127324,1.0,3.0250000000000004,late decay,0.8631659514521939,6.97654648501004
35.0,1.0,1.525,True,272.3246530209824,0.6456485248971382,-226.73962111432775,226.73962111432775,1.0,0.5249999999999999,post-maximum/decay,7.780704372028083,62.88761233717594
35.0,1.0,2.025,False,179.5274758766696,0.42563774044117625,-149.72580513892353,149.72580513892353,1.0,1.025,post-maximum/decay,5.129356453619138,41.4580691889617
35.0,1.0,2.525,True,118.35180633523063,0.28059769224553394,-98.87031042182389,98.87031042182389,1.0,1.525,late decay,3.3814801810065873,27.330843659024993
35.0,1.0,3.025,True,78.02231939379831,0.18498139946873596,-64.9077682500938,64.9077682500938,1.0,2.025,late decay,2.229209125537089,18.017602597685425
35.0,1.0,3.525,False,51.43548300686792,0.12194725436112956,-42.861357063467494,42.861357063467494,1.0,2.525,late decay,1.4695852287676558,11.877935691199184
35.0,1.0,4.025,False,33.90836023211179,0.08039258481624478,-28.303175087510226,28.303175087510226,1.0,3.0250000000000004,late decay,0.9688102923460526,7.830417810546351
35.0,1.5,1.525,True,305.65492795727727,0.979852561220302,-254.49066688582388,254.49066688582388,1.4979959919839678,0.02700400801603209,near maximum,8.732997941636484,-11.477126970520999
35.0,1.5,2.025,False,201.5001473304267,0.6459586199623908,-168.05099969982257,168.05099969982257,1.4979959919839678,0.5270040080160321,post-maximum/decay,5.757147066583613,46.53219240574373
35.0,1.5,2.525,True,132.83708411159276,0.42584216770741545,-110.97121495925421,110.97121495925421,1.4979959919839678,1.027004008016032,post-maximum/decay,3.795345260331217,30.675911846171005
35.0,1.5,3.025,True,87.57160304371577,0.28073245900535965,-72.85193980150325,72.85193980150325,1.4979959919839678,1.527004008016032,late decay,2.502045801249025,20.222807457443253
35.0,1.5,3.525,False,57.73075877820228,0.18507024319241352,-48.10723105695433,48.10723105695433,1.4979959919839678,2.027004008016032,late decay,1.6494502508057778,13.331696332667136
35.0,1.5,4.025,False,38.058461798891855,0.12200582375351601,-31.767248562945497,31.767248562945497,1.4979959919839678,2.5270040080160325,late decay,1.0873846228254784,8.78879589198803
35.0,2.0,1.525,True,198.7143381221694,0.8613489114508465,82.04012601965587,82.04012601965587,1.9959919839679359,-0.47099198396793596,near maximum,5.677552517776263,-201.8466343434602
35.0,2.0,2.025,False,226.16209121146622,0.9803241825291835,-188.6190458211713,188.6190458211713,1.9959919839679359,0.029008016032064043,near maximum,6.461774034613313,-8.492227015935043
35.0,2.0,2.525,True,149.09523953769724,0.6462695318912738,-124.55316967240833,124.55316967240833,1.9959919839679359,0.529008016032064,post-maximum/decay,4.259863986791345,34.43038858712015
35.0,2.0,3.025,True,98.28963967271764,0.4260471334833491,-81.76841194712051,81.76841194712051,1.9959919839679359,1.029008016032064,post-maximum/decay,2.8082754192205073,22.697911070219305
35.0,2.0,3.525,False,64.79652400001692,0.28086758077265567,-53.99515644220719,53.99515644220719,1.9959919839679359,1.529008016032064,late decay,1.8513292571433375,14.963385198165042
35.0,2.0,4.025,False,42.71650131656931,0.18515932095143944,-35.655295850720904,35.655295850720904,1.9959919839679359,2.0290080160320647,late decay,1.2204714661876928,9.864471487970192
35.0,2.5,1.525,True,109.34811403864994,0.6404981944868362,92.08115581886705,92.08115581886705,2.501002004008016,-0.976002004008016,arrival/transition,3.1242318296757077,-158.05435934901723
35.0,2.5,2.025,False,147.03394629938344,0.8612400676589873,60.8050993705765,60.8050993705765,2.501002004008016,-0.47600200400801596,near maximum,4.200969894268098,-149.35161435870498
35.0,2.5,2.525,True,167.34325810802218,0.9802003045050063,-139.79744279758052,139.79744279758052,2.501002004008016,0.023997995991984045,near maximum,4.781235945943479,-6.283621317026018
35.0,2.5,3.025,True,110.31947493492807,0.6461878664645472,-91.7761862013731,91.7761862013731,2.501002004008016,0.523997995991984,post-maximum/decay,3.1519849981408044,25.47594680094548
35.0,2.5,3.525,False,72.72708017948403,0.4259932963159683,-60.60371497512733,60.60371497512733,2.501002004008016,1.023997995991984,post-maximum/decay,2.0779165765566887,16.79477922400835
35.0,2.5,4.025,False,47.94464617016123,0.28083208912450314,-40.01920782290517,40.01920782290517,2.501002004008016,1.5239979959919845,late decay,1.369847033433178,11.071800839712651
35.0,3.0,1.525,True,38.61127014313158,0.30547372820258456,103.35112424018916,103.35112424018916,2.998997995991984,-1.4739979959919842,arrival/transition,1.1031791469466157,-126.71645113756462
35.0,3.0,2.025,False,80.90953516204273,0.6401171798147618,68.24713833791884,68.24713833791884,2.998997995991984,-0.9739979959919842,arrival/transition,2.3117010046297892,-116.94856246668678
35.0,3.0,2.525,True,108.79427004949508,0.860727739748025,45.06648500978372,45.06648500978372,2.998997995991984,-0.4739979959919842,near maximum,3.1084077156998546,-110.50917338356939
35.0,3.0,3.025,True,123.82166208404941,0.9796172104372899,-103.00882887533953,103.00882887533953,2.998997995991984,0.026002004008015778,near maximum,3.5377617738299776,-4.649416081517046
35.0,3.0,3.525,False,81.62827054475513,0.6458034671638797,-68.02110616565733,68.02110616565733,2.998997995991984,0.5260020040080158,post-maximum/decay,2.3322363012787193,18.85032066258475
35.0,3.0,4.025,False,53.81267251609667,0.4257398846787475,-44.917226363179,44.917226363179,2.998997995991984,1.0260020040080162,post-maximum/decay,1.537504929031332,12.426897273082744
50.0,0.5,1.525,True,346.6127035039249,0.6456485252252184,-288.59242890446694,288.59242890446694,1.0,0.5249999999999999,post-maximum/decay,6.932254070078471,80.04286460034962
50.0,0.5,2.025,False,228.501177093407,0.4256377406574601,-190.56984201686282,190.56984201686282,1.0,1.025,post-maximum/decay,4.57002354186811,52.76750850218406
50.0,0.5,2.525,True,150.63725998860085,0.28059769238811705,-125.8413632824504,125.8413632824504,1.0,1.525,late decay,3.0127451997719987,34.786485559086486
50.0,0.5,3.025,True,99.30620220655332,0.18498139956273257,-82.61410335786786,82.61410335786786,1.0,2.025,late decay,1.98612404413106,22.932664662430398
50.0,0.5,3.525,False,65.46668332546089,0.12194725442309587,-54.55360241098333,54.55360241098333,1.0,2.525,late decay,1.309333666509211,15.118144304236267
50.0,0.5,4.025,False,43.15829757260969,0.08039258485709552,-36.02406145018176,36.02406145018176,1.0,3.0250000000000004,late decay,0.8631659514521886,9.966494978585771
50.0,1.0,1.525,True,389.03521860140347,0.6456485253563643,-323.91374444903704,323.91374444903704,1.0,0.5249999999999999,post-maximum/decay,7.780704372028055,89.83944619596627
50.0,1.0,2.025,False,256.4678226809566,0.42563774074391675,-213.89400734131414,213.89400734131414,1.0,1.025,post-maximum/decay,5.12935645361911,59.22581312708843
50.0,1.0,2.525,True,169.0740090503295,0.2805976924451128,-141.24330060260763,141.24330060260763,1.0,1.525,late decay,3.38148018100658,39.044062370035704
50.0,1.0,3.025,True,111.46045627685476,0.18498139960030646,-92.7253832144188,92.7253832144188,1.0,2.025,late decay,2.229209125537089,25.73943228240779
50.0,1.0,3.525,False,73.47926143838275,0.12194725444786618,-61.23051009066785,61.23051009066785,1.0,2.525,late decay,1.4695852287676487,16.968479558856018
50.0,1.0,4.025,False,48.44051461730257,0.0803925848734251,-40.43310726787104,40.43310726787104,1.0,3.0250000000000004,late decay,0.9688102923460455,11.186311157923399
50.0,1.5,1.525,True,436.6498970818247,0.9798525621626499,-363.5580955511723,363.5580955511723,1.4979959919839678,0.02700400801603209,near maximum,8.732997941636484,-16.395895672172855
50.0,1.5,2.025,False,287.857353329181,0.6459586205836249,-240.07285671403224,240.07285671403224,1.4979959919839678,0.5270040080160321,post-maximum/decay,5.757147066583599,66.47456057963382
50.0,1.5,2.525,True,189.7672630165611,0.42584216811695813,-158.5303070846494,158.5303070846494,1.4979959919839678,1.027004008016032,post-maximum/decay,3.795345260331203,43.822731208815924
50.0,1.5,3.025,True,125.10229006245109,0.2807324592753468,-104.07419971643321,104.07419971643321,1.4979959919839678,1.527004008016032,late decay,2.502045801249018,28.88972493920477
50.0,1.5,3.525,False,82.47251254028897,0.18507024337040004,-68.72461579564788,68.72461579564788,1.4979959919839678,2.027004008016032,late decay,1.6494502508057707,19.045280475238826
50.0,1.5,4.025,False,54.369231141274085,0.12200582387085199,-45.381783661351164,45.381783661351164,1.4979959919839678,2.5270040080160325,late decay,1.0873846228254784,12.555422702840033
50.0,2.0,1.525,True,283.87762588881344,0.8613489125709296,117.20018002807046,117.20018002807046,1.9959919839679359,-0.47099198396793596,near maximum,5.677552517776235,-288.3523347763719
50.0,2.0,2.025,False,323.08870173066606,0.98032418380398,-269.4557797445268,269.4557797445268,1.9959919839679359,0.029008016032064043,near maximum,6.461774034613313,-12.131752879906799
50.0,2.0,2.525,True,212.9931993395675,0.6462695327316714,-177.93309953201424,177.93309953201424,1.9959919839679359,0.529008016032064,post-maximum/decay,4.259863986791331,49.18626941017152
50.0,2.0,3.025,True,140.41377096102522,0.42604713403737343,-116.81201706731372,116.81201706731372,1.9959919839679359,1.029008016032064,post-maximum/decay,2.808275419220493,32.42558724317064
50.0,2.0,3.525,False,92.56646285716702,0.28086758113789095,-77.13593777458027,77.13593777458027,1.9959919839679359,1.529008016032064,late decay,1.851329257143334,21.376264568807244
50.0,2.0,4.025,False,61.02357330938473,0.1851593211922174,-50.93613692960025,50.93613692960025,1.9959919839679359,2.0290080160320647,late decay,1.2204714661876892,14.092102125671815
50.0,2.5,1.525,True,156.21159148378564,0.6404981956123369,131.54450831266513,131.54450831266513,2.501002004008016,-0.976002004008016,arrival/transition,3.1242318296756935,-225.79194192716727
50.0,2.5,2.025,False,210.0484947134049,0.8612400691723814,86.86442767225162,86.86442767225162,2.501002004008016,-0.47600200400801596,near maximum,4.200969894268084,-213.3594490838638
50.0,2.5,2.525,True,239.06179729717454,0.9802003062274406,-199.71063256796697,199.71063256796697,2.501002004008016,0.023997995991984045,near maximum,4.781235945943465,-8.976601881465456
50.0,2.5,3.025,True,157.59924990704008,0.6461878676000459,-131.10883743053273,131.10883743053273,2.501002004008016,0.523997995991984,post-maximum/decay,3.15198499814079,36.394209715636805
50.0,2.5,3.525,False,103.89582882783432,0.42599329706453515,-86.57673567875463,86.57673567875463,2.501002004008016,1.023997995991984,post-maximum/decay,2.0779165765566745,23.99254174858342
50.0,2.5,4.025,False,68.4923516716589,0.28083208961798883,-57.1702968898644,57.1702968898644,2.501002004008016,1.5239979959919845,late decay,1.3698470334331745,15.816858342446807
50.0,3.0,1.525,True,55.15895734733083,0.30547372892761276,147.64446320027082,147.64446320027082,2.998997995991984,-1.4739979959919842,arrival/transition,1.1031791469466121,-181.0235016250924
50.0,3.0,2.025,False,115.58505023148962,0.6401171813340512,97.49591191131276,97.49591191131276,2.998997995991984,-0.9739979959919842,arrival/transition,2.311701004629782,-167.06937495240965
50.0,3.0,2.525,True,155.420385784993,0.8607277417909236,64.38069287111648,64.38069287111648,2.998997995991984,-0.4739979959919842,near maximum,3.1084077156998546,-157.87024769081313
50.0,3.0,3.025,True,176.88808869149918,0.9796172127623675,-147.15546982191154,147.15546982191154,2.998997995991984,0.026002004008015778,near maximum,3.5377617738299705,-6.642022973595942
50.0,3.0,3.525,False,116.61181506393591,0.6458034686966653,-97.17300880808034,97.17300880808034,2.998997995991984,0.5260020040080158,post-maximum/decay,2.332236301278705,26.929029517978336
50.0,3.0,4.025,False,76.87524645156668,0.42573988568922205,-64.16746623311155,64.16746623311155,2.998997995991984,1.0260020040080162,post-maximum/decay,1.5375049290313214,17.752710390118267
65.0,0.5,1.525,True,450.5965145551023,0.6456485255027584,-375.17015757580884,375.17015757580884,1.0,0.5249999999999999,post-maximum/decay,6.9322540700785,104.05572398045422
65.0,0.5,2.025,False,297.05153022142906,0.4256377408404257,-247.74079462192094,247.74079462192094,1.0,1.025,post-maximum/decay,4.5700235418681245,68.59776105283913
65.0,0.5,2.525,True,195.8284379851811,0.28059769250873545,-163.5937722671879,163.5937722671879,1.0,1.525,late decay,3.012745199772013,45.22243122681232
65.0,0.5,3.025,True,129.09806286851932,0.18498139964224913,-107.39833436522713,107.39833436522713,1.0,2.025,late decay,1.986124044131067,29.81246406115943
65.0,0.5,3.525,False,85.10668832309915,0.1219472544755164,-70.91968313427788,70.91968313427788,1.0,2.525,late decay,1.3093336665092181,19.653587595507105
65.0,0.5,4.025,False,56.105786844392604,0.08039258489165328,-46.831279885236654,46.831279885236654,1.0,3.0250000000000004,late decay,0.8631659514521957,12.956443472161538
65.0,1.0,1.525,True,505.7457841818245,0.64564852560364,-421.0878677837536,421.0878677837536,1.0,0.5249999999999999,post-maximum/decay,7.780704372028083,116.79128005475548
65.0,1.0,2.025,False,333.4081694852436,0.42563774090693096,-278.06220954371383,278.06220954371383,1.0,1.025,post-maximum/decay,5.129356453619124,76.9935570652143
65.0,1.0,2.525,True,219.79621176542835,0.2805976925525783,-183.61629078338956,183.61629078338956,1.0,1.525,late decay,3.3814801810065944,50.75728108104613
65.0,1.0,3.025,True,144.89859315991117,0.1849813996711521,-120.5429981787438,120.5429981787438,1.0,2.025,late decay,2.2292091255370963,33.46126196712987
65.0,1.0,3.525,False,95.52303986989757,0.1219472544945705,-79.59966311786866,79.59966311786866,1.0,2.525,late decay,1.469585228767663,22.05902342651271
65.0,1.0,4.025,False,62.97266900249334,0.08039258490421448,-52.5630394482323,52.5630394482323,1.0,3.0250000000000004,late decay,0.9688102923460562,14.542204505300305
65.0,1.5,1.525,True,567.6448662063721,0.9798525626700679,-472.625524216528,472.625524216528,1.4979959919839678,0.02700400801603209,near maximum,8.73299794163654,-21.31466437382528
65.0,1.5,2.025,False,374.2145593279353,0.6459586209181355,-312.0947137282419,312.0947137282419,1.4979959919839678,0.5270040080160321,post-maximum/decay,5.757147066583627,86.41692875352419
65.0,1.5,2.525,True,246.69744192152942,0.4258421683374811,-206.08939921004276,206.08939921004276,1.4979959919839678,1.027004008016032,post-maximum/decay,3.7953452603312314,56.96955057146056
65.0,1.5,3.025,True,162.63297708118643,0.2807324594207245,-135.29645963136318,135.29645963136318,1.4979959919839678,1.527004008016032,late decay,2.502045801249025,37.556642420966
65.0,1.5,3.525,False,107.21426630237568,0.18507024346623896,-89.34200053434233,89.34200053434233,1.4979959919839678,2.027004008016032,late decay,1.649450250805785,24.758864617810445
65.0,1.5,4.025,False,70.68000048365631,0.12200582393403288,-58.99631875975683,58.99631875975683,1.4979959919839678,2.5270040080160325,late decay,1.087384622825489,16.32204951369218
65.0,2.0,1.525,True,369.04091365545753,0.8613489131740514,152.3602340364996,152.3602340364996,1.9959919839679359,-0.47099198396793596,near maximum,5.6775525177762916,-374.858035209283
65.0,2.0,2.025,False,420.01531224986593,0.980324184490409,-350.29251366788594,350.29251366788594,1.9959919839679359,0.029008016032064043,near maximum,6.461774034613313,-15.771278743878838
65.0,2.0,2.525,True,276.89115914143775,0.6462695331841932,-231.3130293916147,231.3130293916147,1.9959919839679359,0.529008016032064,post-maximum/decay,4.259863986791345,63.942150233222605
65.0,2.0,3.025,True,182.5379022493328,0.4260471343356942,-151.85562218751147,151.85562218751147,1.9959919839679359,1.029008016032064,post-maximum/decay,2.8082754192205073,42.15326341612155
65.0,2.0,3.525,False,120.33640171431715,0.28086758133455614,-100.27671910695608,100.27671910695608,1.9959919839679359,1.529008016032064,late decay,1.851329257143341,27.789143939449445
65.0,2.0,4.025,False,79.33064530220015,0.18515932132186708,-66.21697800848051,66.21697800848051,1.9959919839679359,2.0290080160320647,late decay,1.2204714661876963,18.319732763373366
65.0,2.5,1.525,True,203.07506892892133,0.6404981962183757,171.00786080646503,171.00786080646503,2.501002004008016,-0.976002004008016,arrival/transition,3.124231829675736,-293.52952450531774
65.0,2.5,2.025,False,273.0630431274264,0.861240069987286,112.92375597392675,112.92375597392675,2.501002004008016,-0.47600200400801596,near maximum,4.200969894268127,-277.3672838090238
65.0,2.5,2.525,True,310.7803364863269,0.9802003071549052,-259.6238223383625,259.6238223383625,2.501002004008016,0.023997995991984045,near maximum,4.781235945943507,-11.66958244590603
65.0,2.5,3.025,True,204.87902487915213,0.6461878682114683,-170.4414886596951,170.4414886596951,2.501002004008016,0.523997995991984,post-maximum/decay,3.1519849981408186,47.31247263032742
65.0,2.5,3.525,False,135.06457747618464,0.4259932974676096,-112.54975638238284,112.54975638238284,2.501002004008016,1.023997995991984,post-maximum/decay,2.0779165765566887,31.190304273158347
65.0,2.5,4.025,False,89.04005717315657,0.2808320898837119,-74.32138595682409,74.32138595682409,2.501002004008016,1.5239979959919845,late decay,1.3698470334331887,20.56191584518075
65.0,3.0,1.525,True,71.70664455153008,0.3054737293180125,191.93780216035157,191.93780216035157,2.998997995991984,-1.4739979959919842,arrival/transition,1.1031791469466228,-235.3305521126201
65.0,3.0,2.025,False,150.2605653009365,0.64011718215213,126.74468548470759,126.74468548470759,2.998997995991984,-0.9739979959919842,arrival/transition,2.3117010046297963,-217.1901874381325
65.0,3.0,2.525,True,202.0465015204909,0.860727742890946,83.6949007324547,83.6949007324547,2.998997995991984,-0.4739979959919842,near maximum,3.108407715699869,-205.23132199805758
65.0,3.0,3.025,True,229.9545152989489,0.9796172140143321,-191.302110768489,191.302110768489,2.998997995991984,0.026002004008015778,near maximum,3.537761773829999,-8.634629865674697
65.0,3.0,3.525,False,151.59535958311668,0.6458034695220114,-126.32491145050517,126.32491145050517,2.998997995991984,0.5260020040080158,post-maximum/decay,2.3322363012787264,35.00773837337192
65.0,3.0,4.025,False,99.93782038703667,0.42573988623332365,-83.41770610304684,83.41770610304684,2.998997995991984,1.0260020040080162,post-maximum/decay,1.5375049290313356,23.078523507153648
80.0,0.5,1.525,True,554.5803256062798,0.645648525676221,-461.7478862471471,461.7478862471471,1.0,0.5249999999999999,post-maximum/decay,6.932254070078443,128.0685833605594
80.0,0.5,2.025,False,365.6018833494512,0.42563774095477935,-304.9117472269754,304.9117472269754,1.0,1.025,post-maximum/decay,4.5700235418681245,84.42801360349449
80.0,0.5,2.525,True,241.01961598176135,0.280597692584122,-201.34618125191628,201.34618125191628,1.0,1.525,late decay,3.0127451997719987,55.65837689453815
80.0,0.5,3.025,True,158.88992353048533,0.18498139969194702,-132.18256537258821,132.18256537258821,1.0,2.025,late decay,1.98612404413106,36.692263459888466
80.0,0.5,3.525,False,104.74669332073742,0.12194725450827926,-87.28576385757333,87.28576385757333,1.0,2.525,late decay,1.309333666509211,24.189030886778085
80.0,0.5,4.025,False,69.05327611617551,0.08039258491325188,-57.638498320291546,57.638498320291546,1.0,3.0250000000000004,late decay,0.8631659514521886,15.946391965737234
80.0,1.0,1.525,True,622.4563497622455,0.6456485257581872,-518.2619911184738,518.2619911184738,1.0,0.5249999999999999,post-maximum/decay,7.780704372028026,143.7431139135458
80.0,1.0,2.025,False,410.34851628953055,0.4256377410088148,-342.23041174610626,342.23041174610626,1.0,1.025,post-maximum/decay,5.129356453619096,94.76130100334103
80.0,1.0,2.525,True,270.5184144805272,0.2805976926197444,-225.98928096416785,225.98928096416785,1.0,1.525,late decay,3.381480181006566,62.470499792057694
80.0,1.0,3.025,True,178.33673004296762,0.18498139971543068,-148.36061314307335,148.36061314307335,1.0,2.025,late decay,2.229209125537068,41.18309165185252
80.0,1.0,3.525,False,117.5668183014124,0.12194725452376072,-97.96881614507038,97.96881614507038,1.0,2.525,late decay,1.4695852287676416,27.149567294169685
80.0,1.0,4.025,False,77.50482338768411,0.08039258492345787,-64.69297162859402,64.69297162859402,1.0,3.0250000000000004,late decay,0.968810292346042,17.898097852677495
80.0,1.5,1.525,True,698.6398353309195,0.9798525629872044,-581.6929528818655,581.6929528818655,1.4979959919839678,0.02700400801603209,near maximum,8.732997941636484,-26.23343307547657
80.0,1.5,2.025,False,460.5717653266897,0.6459586211272047,-384.1165707424516,384.1165707424516,1.4979959919839678,0.5270040080160321,post-maximum/decay,5.757147066583599,106.35929692741456
80.0,1.5,2.525,True,303.6276208264978,0.4258421684753081,-253.6484913354434,253.6484913354434,1.4979959919839678,1.027004008016032,post-maximum/decay,3.795345260331203,70.11636993410548
80.0,1.5,3.025,True,200.16366409992176,0.28073245951158565,-166.51871954629314,166.51871954629314,1.4979959919839678,1.527004008016032,late decay,2.502045801249011,46.2235599027278
80.0,1.5,3.525,False,131.95602006446236,0.18507024352613827,-109.95938527303588,109.95938527303588,1.4979959919839678,2.027004008016032,late decay,1.6494502508057707,30.472448760382065
80.0,1.5,4.025,False,86.99076982603854,0.12200582397352096,-72.61085385816205,72.61085385816205,1.4979959919839678,2.5270040080160325,late decay,1.087384622825482,20.08867632454411
80.0,2.0,1.525,True,454.20420142210156,0.8613489135510024,187.5202880449251,187.5202880449251,1.9959919839679359,-0.47099198396793596,near maximum,5.677552517776235,-461.36373564219525
80.0,2.0,2.025,False,516.9419227690657,0.980324184919427,-431.12924759124144,431.12924759124144,1.9959919839679359,0.029008016032064043,near maximum,6.461774034613285,-19.410804607851446
80.0,2.0,2.525,True,340.78911894330804,0.6462695334670194,-284.6929592512206,284.6929592512206,1.9959919839679359,0.529008016032064,post-maximum/decay,4.259863986791345,78.69803105627454
80.0,2.0,3.025,True,224.66203353764035,0.42604713452214465,-186.89922730770377,186.89922730770377,1.9959919839679359,1.029008016032064,post-maximum/decay,2.808275419220493,51.88093958907274
80.0,2.0,3.525,False,148.10634057146726,0.28086758145747187,-123.41750043932916,123.41750043932916,1.9959919839679359,1.529008016032064,late decay,1.851329257143334,34.20202331009165
80.0,2.0,4.025,False,97.63771729501558,0.18515932140289812,-81.49781908736259,81.49781908736259,1.9959919839679359,2.0290080160320647,late decay,1.2204714661876892,22.547363401074847
80.0,2.5,1.525,True,249.93854637405704,0.64049819659715,210.4712133002613,210.4712133002613,2.501002004008016,-0.976002004008016,arrival/transition,3.1242318296757077,-361.2671070834679
80.0,2.5,2.025,False,336.0775915414479,0.8612400704966015,138.98308427560187,138.98308427560187,2.501002004008016,-0.47600200400801596,near maximum,4.200969894268098,-341.3751185341829
80.0,2.5,2.525,True,382.49887567547927,0.9802003077345707,-319.5370121087544,319.5370121087544,2.501002004008016,0.023997995991984045,near maximum,4.781235945943479,-14.362563010345184
80.0,2.5,3.025,True,252.15879985126418,0.6461878685936074,-209.77413988885382,209.77413988885382,2.501002004008016,0.523997995991984,post-maximum/decay,3.15198499814079,58.230735545018604
80.0,2.5,3.525,False,166.23332612453495,0.42599329771953126,-138.5227770860056,138.5227770860056,2.501002004008016,1.023997995991984,post-maximum/decay,2.0779165765566887,38.388066797733416
80.0,2.5,4.025,False,109.58776267465424,0.2808320900497889,-91.47247502378377,91.47247502378377,2.501002004008016,1.5239979959919845,late decay,1.3698470334331745,25.306973347914834
80.0,3.0,1.525,True,88.25433175572934,0.30547372956201246,236.23114112043277,236.23114112043277,2.998997995991984,-1.4739979959919842,arrival/transition,1.1031791469466157,-289.6376026001478
80.0,3.0,2.025,False,184.9360803703834,0.6401171826634294,155.9934590581015,155.9934590581015,2.998997995991984,-0.9739979959919842,arrival/transition,2.311701004629782,-267.31099992385566
80.0,3.0,2.525,True,248.6726172559888,0.8607277435784602,103.00910859378928,103.00910859378928,2.998997995991984,-0.4739979959919842,near maximum,3.1084077156998546,-252.59239630530146
80.0,3.0,3.025,True,283.02094190639866,0.9796172147968103,-235.4487517150592,235.4487517150592,2.998997995991984,0.026002004008015778,near maximum,3.5377617738299705,-10.627236757753735
80.0,3.0,3.525,False,186.57890410229746,0.6458034700378528,-155.47681409293,155.47681409293,2.998997995991984,0.5260020040080158,post-maximum/decay,2.332236301278698,43.08644722876494
80.0,3.0,4.025,False,123.00039432250668,0.42573988657338724,-102.66794597298212,102.66794597298212,2.998997995991984,1.0260020040080162,post-maximum/decay,1.5375049290313214,28.40433662418903
90.0,0.5,1.525,True,623.9028663070648,0.6456485257597401,-519.4663720280441,519.4663720280441,1.0,0.5249999999999999,post-maximum/decay,6.9322540700785,144.07715628062874
90.0,0.5,2.025,False,411.3021187681326,0.4256377410098385,-343.025715630356,343.025715630356,1.0,1.025,post-maximum/decay,4.5700235418681245,94.98151530393045
90.0,0.5,2.525,True,271.1470679794815,0.2805976926204192,-226.514453908414,226.514453908414,1.0,1.525,late decay,3.0127451997720414,62.61567400635556
90.0,0.5,3.025,True,178.75116397179596,0.18498139971587557,-148.70538604415924,148.70538604415924,1.0,2.025,late decay,1.98612404413106,41.278796392374204
90.0,0.5,3.525,False,117.84002998582959,0.12194725452405396,-98.19648433976909,98.19648433976909,1.0,2.525,late decay,1.3093336665092181,27.212659747625167
90.0,0.5,4.025,False,77.68493563069744,0.0803925849236512,-64.84331061032753,64.84331061032753,1.0,3.0250000000000004,late decay,0.8631659514521957,17.939690961454318
90.0,1.0,1.525,True,700.2633934825262,0.6456485258325989,-583.0447400082776,583.0447400082776,1.0,0.5249999999999999,post-maximum/decay,7.780704372028026,161.7110031527386
90.0,1.0,2.025,False,461.64208082572185,0.42563774105786994,-385.0092132143727,385.0092132143727,1.0,1.025,post-maximum/decay,5.129356453619096,106.60646362875866
90.0,1.0,2.525,True,304.33321629059304,0.28059769265208345,-254.23794108469156,254.23794108469156,1.0,1.525,late decay,3.381480181006566,70.27931226606427
90.0,1.0,3.025,True,200.62882129833855,0.18498139973674996,-166.90568978595365,166.90568978595365,1.0,2.025,late decay,2.229209125537082,46.33097810833419
90.0,1.0,3.525,False,132.26267058908894,0.12194725453781526,-110.21491816320122,110.21491816320122,1.0,2.525,late decay,1.4695852287676416,30.54326320594072
90.0,1.0,4.025,False,87.19292631114462,0.08039258493272318,-72.77959308216941,72.77959308216941,1.0,3.0250000000000004,late decay,0.968810292346042,20.135360084262146
90.0,1.5,1.525,True,785.9698147472843,0.9798525631398997,-654.4045719920978,654.4045719920978,1.4979959919839678,0.02700400801603209,near maximum,8.732997941636484,-29.512612209910003
90.0,1.5,2.025,False,518.1432359925258,0.6459586212278676,-432.1311420852653,432.1311420852653,1.4979959919839678,0.5270040080160321,post-maximum/decay,5.757147066583627,119.6542090433411
90.0,1.5,2.525,True,341.5810734298099,0.4258421685416692,-285.35455275236745,285.35455275236745,1.4979959919839678,1.027004008016032,post-maximum/decay,3.7953452603312314,78.88091617586895
90.0,1.5,3.025,True,225.18412211241196,0.28073245955533355,-187.33355948957978,187.33355948957978,1.4979959919839678,1.527004008016032,late decay,2.502045801249025,52.00150489056881
90.0,1.5,3.525,False,148.45052257252016,0.18507024355497873,-123.70430843216491,123.70430843216491,1.4979959919839678,2.027004008016032,late decay,1.6494502508057707,34.28150485543
90.0,1.5,4.025,False,97.86461605429335,0.12200582399253374,-81.6872105904331,81.6872105904331,1.4979959919839678,2.5270040080160325,late decay,1.087384622825482,22.59976086511216
90.0,2.0,1.525,True,510.97972659986414,0.8613489137324973,210.96032405054575,210.96032405054575,1.9959919839679359,-0.47099198396793596,near maximum,5.677552517776235,-519.0342025974695
90.0,2.0,2.025,False,581.5596631151989,0.9803241851259914,-485.0204035401475,485.0204035401475,1.9959919839679359,0.029008016032064043,near maximum,6.461774034613256,-21.837155183832238
90.0,2.0,2.525,True,383.38775881122143,0.646269533603195,-320.2795791576282,320.2795791576282,1.9959919839679359,0.529008016032064,post-maximum/decay,4.259863986791316,88.53528493830936
90.0,2.0,3.025,True,252.74478772984534,0.4260471346119171,-210.26163072117197,210.26163072117197,1.9959919839679359,1.029008016032064,post-maximum/decay,2.808275419220493,58.36605703770687
90.0,2.0,3.525,False,166.61963314290062,0.28086758151665353,-138.84468799424576,138.84468799424576,1.9959919839679359,1.529008016032064,late decay,1.851329257143334,38.47727622385321
90.0,2.0,4.025,False,109.8424319568925,0.18515932144191308,-91.68504647328155,91.68504647328155,1.9959919839679359,2.0290080160320647,late decay,1.2204714661876892,25.365783826209167
90.0,2.5,1.525,True,281.1808646708141,0.6404981967795228,236.78011496279942,236.78011496279942,2.501002004008016,-0.976002004008016,arrival/transition,3.124231829675722,-406.42549546890166
90.0,2.5,2.025,False,378.0872904841288,0.8612400707418274,156.35596981005438,156.35596981005438,2.501002004008016,-0.47600200400801596,near maximum,4.200969894268127,-384.0470083509564
90.0,2.5,2.525,True,430.3112351349141,0.9802003080136689,-359.4791386223478,359.4791386223478,2.501002004008016,0.023997995991984045,near maximum,4.781235945943479,-16.157883386638332
90.0,2.5,3.025,True,283.67864983267214,0.6461878687776003,-235.99590737496328,235.99590737496328,2.501002004008016,0.523997995991984,post-maximum/decay,3.1519849981408186,65.5095774881454
90.0,2.5,3.525,False,187.01249189010176,0.42599329784082673,-155.83812422175833,155.83812422175833,2.501002004008016,1.023997995991984,post-maximum/decay,2.0779165765566887,43.186575147449844
90.0,2.5,4.025,False,123.286233008986,0.28083209012975185,-102.90653440175629,102.90653440175629,2.501002004008016,1.5239979959919845,late decay,1.3698470334331745,28.47034501640394
90.0,3.0,1.525,True,99.2861232251955,0.3054737296794939,265.7600337604872,265.7600337604872,2.998997995991984,-1.4739979959919842,arrival/transition,1.1031791469466086,-325.8423029251662
90.0,3.0,2.025,False,208.0530904166813,0.6401171829096105,175.4926414403617,175.4926414403617,2.998997995991984,-0.9739979959919842,arrival/transition,2.311701004629782,-300.7248749143375
90.0,3.0,2.525,True,279.7566944129874,0.8607277439094854,115.8852471680184,115.8852471680184,2.998997995991984,-0.4739979959919842,near maximum,3.1084077156998546,-284.16644584346443
90.0,3.0,3.025,True,318.3985596446985,0.9796172151735589,-264.87984567944295,264.87984567944295,2.998997995991984,0.026002004008015778,near maximum,3.5377617738299705,-11.955641352473094
90.0,3.0,3.525,False,209.9012671150846,0.6458034702862208,-174.91141585454534,174.91141585454534,2.998997995991984,0.5260020040080158,post-maximum/decay,2.332236301278712,48.47225313236095
90.0,3.0,4.025,False,138.37544361282,0.4257398867371215,-115.50143921960444,115.50143921960444,2.998997995991984,1.0260020040080162,post-maximum/decay,1.5375049290313285,31.954878702212568
