SNR,Model,Parameter,MAE,RMSE,R2,Pearson,Bias,Error_SD
10,6_pld,CBF,3.396906614303589,4.360179424285889,0.9771974682807922,0.9891090237098363,-0.8274820446968079,4.281152725219727
10,6_pld,ATT,0.26148363947868347,0.39540648460388184,0.697664737701416,0.8414974643164771,0.06626170873641968,0.3898344039916992
10,4_pld,CBF,3.373129367828369,4.314238548278809,0.9776754975318909,0.9888430330129275,-0.012263551354408264,4.314436912536621
10,4_pld,ATT,0.2515086531639099,0.38202640414237976,0.7177798748016357,0.8517629529809755,0.061910051852464676,0.37699538469314575
10,3_pld,CBF,3.762164831161499,4.83153772354126,0.9720008373260498,0.9860660130250873,-0.49100953340530396,4.806763648986816
10,3_pld,ATT,0.26118192076683044,0.395607590675354,0.6973570585250854,0.8410347465251918,0.057405322790145874,0.3914400637149811
15,6_pld,CBF,2.878298759460449,3.7497847080230713,0.9831349849700928,0.992634126298665,-1.1565302610397339,3.567154884338379
15,6_pld,ATT,0.22153666615486145,0.3400346338748932,0.7764124870300293,0.8831950519200074,0.03955400362610817,0.3377431631088257
15,4_pld,CBF,2.7329604625701904,3.5899224281311035,0.9845423102378845,0.9923614100190581,-0.4120585024356842,3.566373825073242
15,4_pld,ATT,0.21622201800346375,0.3297869861125946,0.7896859645843506,0.8896798721974388,0.03062390722334385,0.32837846875190735
15,3_pld,CBF,3.0813074111938477,4.0368804931640625,0.9804536700248718,0.9909940308513381,-1.0833230018615723,3.8890011310577393
15,3_pld,ATT,0.22348415851593018,0.3396320044994354,0.7769416570663452,0.8826660938953775,0.02516060881316662,0.33871567249298096
20,6_pld,CBF,2.65582275390625,3.507664442062378,0.9852426052093506,0.9937822092164483,-1.1792328357696533,3.303666114807129
20,6_pld,ATT,0.200851172208786,0.30969321727752686,0.8145338296890259,0.9033522232734879,0.02596781589090824,0.30861803889274597
20,4_pld,CBF,2.464892625808716,3.331230878829956,0.9866898655891418,0.993471750826246,-0.47707831859588623,3.2970566749572754
20,4_pld,ATT,0.2005307525396347,0.3043063282966614,0.8209298849105835,0.9066194460900989,0.01948198303580284,0.30369722843170166
20,3_pld,CBF,2.836784839630127,3.7685348987579346,0.982965886592865,0.9925267616678015,-1.2489508390426636,3.5557336807250977
20,3_pld,ATT,0.20475174486637115,0.3067595958709717,0.8180309534072876,0.9047751355445109,0.014134430326521397,0.30644911527633667
25,6_pld,CBF,2.5362179279327393,3.3597898483276367,0.9864606261253357,0.9944333810528307,-1.1809346675872803,3.1455633640289307
25,6_pld,ATT,0.19014543294906616,0.29390889406204224,0.8329576253890991,0.9131307256627466,0.020185884088277817,0.2932295501232147
25,4_pld,CBF,2.321141481399536,3.179741382598877,0.9878728985786438,0.9940956753629491,-0.5343483090400696,3.134678363800049
25,4_pld,ATT,0.1935379058122635,0.2911425828933716,0.8360872268676758,0.9148442769525964,0.012911885045468807,0.29087069630622864
25,3_pld,CBF,2.702040195465088,3.6319973468780518,0.9841778874397278,0.9932859265496704,-1.3160295486450195,3.3853533267974854
25,3_pld,ATT,0.1964459866285324,0.2934812903404236,0.833443284034729,0.9130064166232951,0.005779679864645004,0.29343903064727783
30,6_pld,CBF,2.4769577980041504,3.298727035522461,0.9869483113288879,0.9946849113118787,-1.181251049041748,3.0801289081573486
30,6_pld,ATT,0.1823209971189499,0.279356449842453,0.8490897417068481,0.9217031554177344,0.015098461881279945,0.278962105512619
30,4_pld,CBF,2.246352195739746,3.134699821472168,0.9882140159606934,0.9942770243595064,-0.5516831278800964,3.0859265327453613
30,4_pld,ATT,0.18640567362308502,0.27994731068611145,0.8484507203102112,0.9215158538150886,0.006778007373213768,0.27987921237945557
30,3_pld,CBF,2.635244607925415,3.584667205810547,0.984587550163269,0.9935864483896992,-1.3671951293945312,3.3138668537139893
30,3_pld,ATT,0.19000524282455444,0.28227707743644714,0.845917820930481,0.9197539027246907,0.00122360629029572,0.282288521528244
35,6_pld,CBF,2.454885244369507,3.263444662094116,0.9872260093688965,0.9948827044143078,-1.2014909982681274,3.034371852874756
35,6_pld,ATT,0.17704179883003235,0.27179017663002014,0.8571537733078003,0.9259924601515769,0.012535080313682556,0.27151453495025635
35,4_pld,CBF,2.19128680229187,3.0721356868743896,0.9886797666549683,0.9945388653711708,-0.595085859298706,3.0141000747680664
35,4_pld,ATT,0.1832757294178009,0.27377963066101074,0.8550548553466797,0.9251254021697994,0.004003382287919521,0.273764044046402
35,3_pld,CBF,2.5883383750915527,3.5438456535339355,0.9849365949630737,0.9938594304542177,-1.407418966293335,3.2525484561920166
35,3_pld,ATT,0.1867978721857071,0.2752145528793335,0.853531539440155,0.9238703816068959,-0.0015930805820971727,0.2752237021923065
40,6_pld,CBF,2.3954169750213623,3.2103030681610107,0.9876386523246765,0.9950306721287645,-1.173782467842102,2.9881720542907715
40,6_pld,ATT,0.17332381010055542,0.26701992750167847,0.8621240258216858,0.928610428710073,0.009655730798840523,0.26685863733291626
40,4_pld,CBF,2.132985830307007,3.0335867404937744,0.9889621138572693,0.9946844061127019,-0.5984000563621521,2.974130153656006
40,4_pld,ATT,0.18139952421188354,0.27107518911361694,0.857904314994812,0.9266502266938589,0.0016907340614125133,0.2710834741592407
40,3_pld,CBF,2.553377389907837,3.5061278343200684,0.9852555394172668,0.9940566627893698,-1.4353106021881104,3.1990373134613037
40,3_pld,ATT,0.18277154862880707,0.26982176303863525,0.8592153787612915,0.9269533134399469,-0.003656842513009906,0.2698104679584503
45,6_pld,CBF,2.3831467628479004,3.2004847526550293,0.9877141714096069,0.9950802000535116,-1.174565315246582,2.977311849594116
45,6_pld,ATT,0.17252576351165771,0.2645103633403778,0.8647034764289856,0.9300063942193239,0.00941241905093193,0.2643560469150543
45,4_pld,CBF,2.12115478515625,3.021209478378296,0.9890519976615906,0.9947351431636157,-0.6073401570320129,2.9596827030181885
45,4_pld,ATT,0.18029171228408813,0.26967117190361023,0.8593724966049194,0.9274620769269671,0.0001887409162009135,0.2696845829486847
45,3_pld,CBF,2.524912118911743,3.4821784496307373,0.9854562878608704,0.9941447036042125,-1.4259748458862305,3.1769752502441406
45,3_pld,ATT,0.18231558799743652,0.26873910427093506,0.8603428602218628,0.927574062259585,-0.004922767635434866,0.2687074542045593
50,6_pld,CBF,2.3725152015686035,3.1922333240509033,0.9877774119377136,0.9951131594077863,-1.1763731241226196,2.9677228927612305
50,6_pld,ATT,0.16861368715763092,0.25889021158218384,0.8703917860984802,0.9330346699384636,0.0074303848668932915,0.25879648327827454
50,4_pld,CBF,2.10013747215271,3.009165048599243,0.9891390800476074,0.9947779653200102,-0.6062701344490051,2.947605609893799
50,4_pld,ATT,0.17848031222820282,0.2657199203968048,0.863463282585144,0.9296954452433618,-0.00033966649789363146,0.2657329738140106
50,3_pld,CBF,2.515671968460083,3.4758849143981934,0.9855087995529175,0.9942057915766395,-1.446083664894104,3.160951852798462
50,3_pld,ATT,0.17972809076309204,0.26425719261169434,0.8649623394012451,0.9300675099251151,-0.005118580535054207,0.26422083377838135
55,6_pld,CBF,2.357102632522583,3.1762654781341553,0.9878993630409241,0.995155033812696,-1.1639822721481323,2.955449342727661
55,6_pld,ATT,0.1673610657453537,0.25633111596107483,0.8729414343833923,0.9343825329036192,0.005770672578364611,0.25627896189689636
55,4_pld,CBF,2.0858452320098877,3.0044376850128174,0.989173173904419,0.9948006338541158,-0.613669753074646,2.9412448406219482
55,4_pld,ATT,0.1782035082578659,0.2655216157436371,0.8636670112609863,0.9297857619372026,-0.001828645123168826,0.2655286192893982
55,3_pld,CBF,2.491058588027954,3.4676620960235596,0.9855772852897644,0.9942428324245843,-1.4450865983963013,3.1523640155792236
55,3_pld,ATT,0.17947180569171906,0.263608455657959,0.8656245470046997,0.9304360821875075,-0.0061835628002882,0.2635490894317627
60,6_pld,CBF,2.343971014022827,3.1671783924102783,0.9879685044288635,0.9951847572145739,-1.1577123403549194,2.948150396347046
60,6_pld,ATT,0.16692450642585754,0.25585150718688965,0.8734164237976074,0.9346394845499224,0.00578946340829134,0.2557987868785858
60,4_pld,CBF,2.067729949951172,2.9910380840301514,0.9892695546150208,0.9948453717919727,-0.6091412901878357,2.928500175476074
60,4_pld,ATT,0.17709404230117798,0.26350149512290955,0.8657335638999939,0.9309375443128527,-0.0017493669874966145,0.2635088562965393
60,3_pld,CBF,2.480087995529175,3.4515390396118164,0.9857110977172852,0.9943206407554306,-1.4508538246154785,3.1319525241851807
60,3_pld,ATT,0.17829887568950653,0.2614327371120453,0.8678335547447205,0.9316334489205358,-0.006610492710024118,0.261362224817276
65,6_pld,CBF,2.3446567058563232,3.1631100177764893,0.987999439239502,0.9952084653256897,-1.1631907224655151,2.9416182041168213
65,6_pld,ATT,0.1658095419406891,0.25467830896377563,0.8745746612548828,0.9352582703191087,0.005209296941757202,0.25463777780532837
65,4_pld,CBF,2.05987811088562,2.980224132537842,0.989346981048584,0.9948902018004374,-0.6172631978988647,2.915745735168457
65,4_pld,ATT,0.1768053025007248,0.26331791281700134,0.8659206032752991,0.9310389374052627,-0.0025700810365378857,0.2633185386657715
65,3_pld,CBF,2.475820779800415,3.4496653079986572,0.9857265949249268,0.9943566591054239,-1.4642910957336426,3.123622417449951
65,3_pld,ATT,0.1781391054391861,0.2616269588470459,0.8676370978355408,0.9315401141767403,-0.007503875531256199,0.26153239607810974
70,6_pld,CBF,2.341543197631836,3.1605136394500732,0.9880191087722778,0.9952310640948111,-1.1660563945770264,2.937689781188965
70,6_pld,ATT,0.16523611545562744,0.2540036141872406,0.8752383589744568,0.9355931495500508,0.0036230820696800947,0.25399050116539
70,4_pld,CBF,2.052694320678711,2.9773125648498535,0.9893677830696106,0.9949048322804553,-0.6230474710464478,2.9115374088287354
70,4_pld,ATT,0.1772581934928894,0.2641582489013672,0.8650634288787842,0.9305352814543668,-0.004088354296982288,0.2641398310661316
70,3_pld,CBF,2.466325283050537,3.4401421546936035,0.9858052730560303,0.9943893130069406,-1.4593563079833984,3.115417957305908
70,3_pld,ATT,0.17773260176181793,0.26140502095222473,0.8678615689277649,0.9316785705766434,-0.008729110471904278,0.2612723112106323
75,6_pld,CBF,2.3322975635528564,3.1530935764312744,0.988075315952301,0.9952405316295616,-1.1598656177520752,2.932161331176758
75,6_pld,ATT,0.1645803451538086,0.2519736588001251,0.8772245645523071,0.9366676306026688,0.0029218685813248158,0.2519693076610565
75,4_pld,CBF,2.0500543117523193,2.979687213897705,0.9893508553504944,0.9948948021184876,-0.6204396486282349,2.9145219326019287
75,4_pld,ATT,0.1767142117023468,0.2628931403160095,0.8663528561592102,0.9312482343586792,-0.004776829853653908,0.2628628611564636
75,3_pld,CBF,2.4646294116973877,3.4355947971343994,0.985842764377594,0.9944031458346582,-1.4627466201782227,3.108802080154419
75,3_pld,ATT,0.17740115523338318,0.26063185930252075,0.8686420917510986,0.9321023256180989,-0.0088218804448843,0.26049551367759705
80,6_pld,CBF,2.3306543827056885,3.148254632949829,0.9881118535995483,0.9952616490198195,-1.1568055152893066,2.9281678199768066
80,6_pld,ATT,0.16372467577457428,0.251044899225235,0.878127932548523,0.9371385423664964,0.0023978264071047306,0.2510460317134857
80,4_pld,CBF,2.041792392730713,2.9698758125305176,0.9894208312034607,0.9949260174075556,-0.6158234477043152,2.9054720401763916
80,4_pld,ATT,0.1765366643667221,0.26253536343574524,0.8667163848876953,0.9314501766052934,-0.004252423997968435,0.26251405477523804
80,3_pld,CBF,2.4503555297851562,3.4276599884033203,0.9859080910682678,0.9944345961639771,-1.456697702407837,3.102877378463745
80,3_pld,ATT,0.1769896298646927,0.26018136739730835,0.8690958023071289,0.9323425168872204,-0.008588745258748531,0.26005256175994873
